CustomerID,SubscriptionLength,MonthlySpending,TotalPurchases,LastInteraction,Churn,ChurnProbability
d20c67a1-b4b6-4891-a570-f380422c6309,29,54.45213754676347,96,2024-05-10,0,0.5613622427501388
8475eeee-f09c-4b44-9b52-e5ab08deb9a9,24,23.035500796414,80,2024-09-27,1,0.28438889872116047
fdb5cca1-ac25-4279-a041-ffe01b3a28e7,31,66.72073807600668,84,2024-04-15,0,0.7849498597177257
e22629af-84da-4ba0-b314-5c740459e713,7,62.07185731880515,91,2024-09-20,0,0.6746941012913603
f365a09f-186c-4d49-b6d7-0a14d2d5224b,7,127.33252330892337,65,2024-01-17,1,1.9292806561958087
047c771a-f541-4b05-8971-81f32b0af616,39,193.11402868571952,96,2024-04-07,0,1.9908662751105104
67e049e5-7c8c-4ee1-a0a5-9af1744dc284,18,111.61599842021185,63,2024-01-16,0,1.7439999753158102
ae55bc7d-230f-4942-9cdc-69f5fd76e22e,2,57.00686296125774,98,2024-02-18,0,0.5758268985985631
aa3b8e1a-dc9a-46d7-9ed2-b408c5fed032,3,191.54005480430905,72,2024-03-06,0,2.623836367182316
eaac47e9-6d6b-48f8-b0ff-5a308522e242,40,93.87691437852722,95,2024-02-13,0,0.9778845247763251
0f37c883-4777-4b6b-aea5-4d138053926b,11,106.49398752958838,77,2024-07-29,0,1.3653075324306203
07515cc5-5d14-4ea7-95d0-422b246a2c2b,37,192.02261947558787,35,2024-05-20,0,5.3339616520996636
a6b871bd-e648-4518-bd86-24e2b5a74307,16,16.64194499349735,89,2024-05-12,1,0.18491049992774833
514beddb-de07-4455-974c-506cb588f744,5,192.63355519375406,64,2024-09-23,1,2.9635931568269855
60ba8c46-1450-442c-987f-572af388eed2,54,186.76292759741327,98,2024-05-18,0,1.8864942181556896
ec2aa469-06e0-4fea-9147-129739f5c5e5,48,16.984049248819787,22,2024-09-14,1,0.7384369238617299
faa6303c-dd2d-47d3-a246-f4cf96a79580,57,87.71187597799252,42,2024-02-22,0,2.03981106925564
5d14974a-5ac8-4813-b923-30ff6e6e803c,12,78.01011574654652,16,2024-02-18,1,4.588830338032148
262f4aa0-d285-4adc-a8d9-ebb3d98d0e8d,23,155.68771239388968,22,2024-05-25,1,6.769030973647378
d9111c4c-31f0-4669-9aa7-f91a0f09da1b,42,96.02402966190057,13,2024-10-05,1,6.8588592615643265
6359ed3a-3dd5-4cc3-ac65-19129853c53b,44,194.6173556805511,69,2024-04-06,0,2.780247938293587
2ebbbc09-3422-4c64-b723-8ba4ca327c4c,54,121.06332777947117,22,2024-06-06,1,5.263622946933529
567460e6-179c-4aea-af9d-ef7428fcc897,45,31.598889072720986,41,2024-04-03,1,0.752354501731452
87fe33d4-b58a-4d96-ac65-22ebe9f5698b,5,133.87696330900047,54,2024-02-06,0,2.4341266056181903
85beef71-e531-4bf1-a12d-fb791002a332,40,189.62744670033152,59,2024-04-11,0,3.1604574450055254
3fc6d665-72d0-46fb-89b7-7fb4ffab75b7,22,12.016820376914586,14,2024-09-16,0,0.8011213584609724
47597da5-dd3c-4570-a4f3-0f03fa461189,19,11.222379582947008,60,2024-05-29,1,0.18397343578601652
bd87fe4a-3cea-4f1e-ab21-a0947321b00e,51,40.569088914865475,46,2024-03-02,1,0.8631721045716059
053b5624-d90c-4b44-a02f-a7fe5cd34aef,48,157.49958855000858,88,2024-01-29,1,1.7696582983147031
46a16a9a-97c1-4838-aa58-dad91999a8da,35,176.95284337736135,71,2024-08-26,1,2.4576783802411297
f604be66-9d5f-4d53-961e-f589633f634c,23,168.1332346232921,42,2024-09-03,0,3.910075223797491
3a90117e-b760-4ef0-9ce1-2ed7b32bd8ab,5,177.05259256034154,94,2024-04-29,0,1.863711500635174
d3595cd2-e034-4bb2-92ab-d32bd6433177,59,10.088950833474588,98,2024-09-27,1,0.10190859427752108
3caf2733-f4f8-4068-a5d4-897206124676,31,42.96999286343755,91,2024-09-06,0,0.46706513981997333
74120618-ac9b-4c4a-90ff-310d72be1bd9,50,73.69318593277993,94,2024-01-01,0,0.7757177466608414
9fa649ea-9ca9-45b6-8c4c-52074be6112d,7,71.62258590417389,19,2024-08-22,1,3.5811292952086946
75bc6330-f38a-406f-9f69-af21c3ffee9f,27,150.48335661372477,32,2024-10-02,0,4.560101715567417
d7b8bf2e-b7ab-414c-8617-4d64405ac151,48,106.31734314768084,46,2024-01-09,0,2.2620711308017203
5c6ad1d6-b175-4b7d-a0c0-d4f970084eb0,2,147.68563506446012,94,2024-09-27,1,1.554585632257475
3d4e6960-22e1-4775-84c9-f606ee7bb5af,15,178.4581584001449,71,2024-06-13,1,2.478585533335346
8823d032-d3cb-4704-8e62-8a0404f05f9b,2,63.41979103575688,70,2024-04-24,1,0.8932364934613645
e368a593-3a09-4ba2-93cd-89e8c699c2d9,11,22.008251268785404,30,2024-07-07,1,0.7099435893156582
67ac2231-8626-47f0-b36f-5b93c633bcc4,12,13.382554504572663,76,2024-01-31,0,0.17379940915029432
e9d0e5d6-64f8-4629-816b-258092ea1b37,34,145.50190703007593,58,2024-01-22,0,2.466134017458914
4700c4e3-596b-485b-b6da-2913be994fc8,51,193.62416883094485,90,2024-04-07,0,2.127738119021372
789dc910-0d70-4d16-ba03-692ef6581187,1,12.324428009057453,48,2024-04-23,0,0.25151893896035615
9148e09d-700a-4d8b-ab84-f345de5a70c7,47,58.002837267234945,93,2024-08-17,1,0.6170514602897335
1006d21b-d790-4b6b-be96-c2e8a9ad09a7,55,88.35863764757937,37,2024-09-28,1,2.3252273065152465
62487096-648d-490e-802b-42576c17f33a,19,11.777991411369124,65,2024-09-30,1,0.1784544153237746
68833500-e275-4143-89e1-26039a0aa219,1,90.99942987557864,55,2024-10-09,0,1.6249898192067616
0d077a4a-b3c7-4f77-a551-e34a38c58804,43,147.78246493042423,46,2024-07-04,0,3.1443077644771114
5097e6db-7924-4838-bd18-dbbad676eb9e,22,58.50677474450343,65,2024-01-02,1,0.8864662840076277
01e4cf0f-2da0-45c1-a5f0-b1ab6a20eb1e,27,10.479384883984446,85,2024-03-29,0,0.1218533126044703
f226ec77-44cc-45ac-a648-46580a665c02,11,24.31868394062011,48,2024-02-25,1,0.4962996722575533
b6448888-2257-4a83-acfc-d33749ac0b2c,20,95.42456992282148,63,2024-10-03,0,1.4910089050440856
f10a73b9-b2ec-4305-9dee-8e476bdb0bbd,35,167.71217691767052,12,2024-05-29,1,12.900936685974655
bb9aaa0b-76f5-4913-ab78-c2b05c555c9a,9,133.62119465366422,83,2024-07-18,0,1.5907285077817168
82696a07-c59a-4b4c-bb82-bbdd702ef52c,50,46.95852393926504,82,2024-07-10,0,0.5657653486658439
6682a8ae-f494-4113-8047-e2f1c46b0865,4,82.95697339239213,18,2024-08-10,0,4.366156494336428
d23eb647-ef60-4827-8c80-1bbe45e2db4d,25,44.9090414152339,97,2024-02-25,0,0.4582555246452439
10558aee-1151-4e14-8f9b-09ff6b288e69,54,83.56794052645161,4,2024-01-31,0,16.71358810529032
ae40266a-ae5a-49cb-bcd9-3b35bb6100e7,47,107.88240384838585,14,2024-09-22,1,7.192160256559057
0582fec7-ebcb-4e44-a768-065af0a82c8c,20,29.133083918881145,71,2024-07-22,1,0.4046261655400159
11f34179-aeef-4568-944f-22b5a76a2246,27,89.62771364242359,82,2024-04-03,0,1.0798519715954649
56660195-fcdc-42d2-a032-4ac3bc8193c3,3,56.7342004339793,69,2024-05-31,1,0.8104885776282756
178eb2ab-d545-43be-9a00-e612495936ff,38,33.565067194438235,41,2024-08-10,1,0.7991682665342437
db09ddab-ef6d-4091-aaff-a479f399047e,39,140.45281552068582,86,2024-03-23,1,1.6144001783986877
28d73a79-9deb-4330-82b4-348b8acf8bcf,6,147.63428881788897,74,2024-08-25,0,1.9684571842385197
20bc7b9d-bbc0-4173-ac45-a5bdcd382643,13,164.03768704343716,33,2024-09-23,0,4.82463785421874
d6e34fe6-ca50-48dc-825d-ff974fa9420e,56,152.01951033101454,34,2024-09-17,0,4.3434145808861295
c39c92f6-d8be-4cdd-888d-8eeda570ce68,52,122.40845371111406,86,2024-03-02,1,1.406993720817403
5bcadef4-71fe-4047-be3a-bedfb0616ed3,31,191.4204272863696,64,2024-03-16,0,2.944929650559532
70fe9a36-4459-422a-aadf-c44a6d5f5f45,17,170.71314127980696,58,2024-10-08,1,2.893443072539101
9e3a4a1d-5feb-4e6c-b692-a1d624349259,34,64.76862761696826,9,2024-05-06,1,6.476862761696826
2d5ed308-e59b-4d97-8458-bbf93d60bc21,28,137.60282194028588,64,2024-06-07,0,2.1169664913890136
69fc5012-dd74-4d15-857b-a034bc944334,7,27.460923306074086,87,2024-06-12,1,0.3120559466599328
3e56d366-9a8f-4fe8-ac6f-78bdae0c563d,48,48.17743736571745,83,2024-03-19,0,0.5735409210204458
798ae3d4-56b1-4fae-a340-e81cddf060eb,20,197.01648874247402,54,2024-09-13,1,3.5821179771358915
7752b1a6-174d-42f5-9e99-162b176a74c1,26,58.239831138444785,37,2024-04-18,1,1.5326271352222312
684ba5e4-946e-4c70-b774-69f6b1ca7da6,19,35.67997496355055,85,2024-07-09,1,0.41488342980872733
c23d7a25-d1c7-4839-ad62-297f6e7cf563,37,15.966429732268162,29,2024-08-19,1,0.5322143244089388
9451d6d4-fc74-426a-9253-60a03276133d,1,182.2553296844655,69,2024-06-27,1,2.6036475669209356
14db11d7-c472-41ea-a3f5-1e03f3ba9913,19,181.01462640246936,87,2024-05-10,1,2.056984390937152
d905cebd-f0fb-4494-83bf-63e7cfaf3ff9,33,145.1939365425211,5,2024-03-22,0,24.198989423753517
d1788aa1-fe52-4ef0-b303-af8cf7387020,13,135.9281794797684,95,2024-01-26,1,1.4159185362475875
d9e50238-e80f-4ea8-aefb-209031b3b167,40,65.11146206923516,35,2024-08-15,0,1.8086517241454212
2fdee610-ad42-444f-a706-306605cadcd1,47,172.6103980979931,59,2024-07-02,0,2.876839968299885
60fb7679-6153-42af-98e3-50faf60862a6,49,75.62159794958458,66,2024-06-05,0,1.12868056641171
b81675c4-1a14-40b9-836a-36501cb3abf6,19,23.449073487099835,21,2024-06-22,0,1.0658669766863562
76574d32-9847-45ae-be42-59f07a8fcad9,11,92.99981379916184,18,2024-07-03,1,4.89472704206115
c66b7633-f28a-4520-9c5a-fae1ea785d51,52,186.91866219706748,46,2024-02-13,1,3.976992812703563
ae9c355d-ff9a-4a93-b9c0-cd52a5656644,20,62.493685407434825,92,2024-09-13,1,0.6719751119079014
151f61f6-4609-45c7-841f-8af13306f87e,4,100.88168457487414,62,2024-03-05,1,1.6012965805535577
2dda9e3a-3c52-4b9d-baff-10569fda26f5,40,61.37721826210465,43,2024-03-30,0,1.3949367786841966
e116c544-5cca-4c43-9187-2bbde7cee3f7,8,153.8638439814382,24,2024-06-10,0,6.154553759257528
63a0e66e-bc74-4575-962e-18d032b9dcd7,25,103.07974603945931,60,2024-07-02,1,1.6898319022862183
040036fd-e676-4b78-8a56-88c8791f91d6,40,71.26882441399236,97,2024-10-11,1,0.7272329021835955
12c64283-2144-40cf-8f66-43340be793d5,24,90.59262735191719,55,2024-07-09,0,1.6177254884270926
30a295de-1256-49d4-8156-a433b6596c9e,4,101.61617487606905,47,2024-04-03,1,2.1170036432514387
8c8679cd-3d40-4bbf-ab29-50695e943ecb,42,89.02454727006767,46,2024-01-02,1,1.894139303618461
02f7e70b-cade-4cc8-aa98-51995a548b1a,13,35.870148162934186,51,2024-03-28,1,0.6898105415948882
fa970ecc-c8d9-4376-b45b-ab181b06f4ae,12,142.78350040409552,92,2024-08-10,0,1.5353064559580163
37656be3-d198-496d-aede-ff4c16623741,15,126.65033760670707,39,2024-04-28,0,3.1662584401676765
14064b70-6122-42ec-80bd-67ad86968015,58,163.37051605174415,55,2024-05-22,0,2.9173306437811455
aaac8036-c87b-4dac-b74a-27bea1982c82,48,172.3419317656858,35,2024-08-04,1,4.787275882380161
46948b46-e913-4fa1-9ee5-bcd118f2861c,10,32.803209877745935,59,2024-05-23,1,0.5467201646290989
4943858c-1783-426d-bd01-bb9085e3ada4,37,97.46059052699368,67,2024-09-29,1,1.4332439783381423
db9d0ac1-b052-47c4-8452-17b320fed598,48,147.29787423223684,30,2024-04-24,1,4.751544330072156
3057ee70-daae-4a87-b2e3-6012f2514d30,26,28.51910709741774,70,2024-08-19,0,0.40167756475236255
f1ce4ec9-d36c-4633-b891-0831e4e96e14,5,172.18542151009134,37,2024-03-25,0,4.531195302897141
e8b1dcbb-094d-4665-bbb9-dd4298129ca2,7,158.06332331509506,38,2024-09-21,1,4.0529057260280785
f2e86f05-c3e4-4a18-8218-8ed5178988b5,32,190.27134495683424,26,2024-02-19,0,7.04708685025312
c57467f8-f804-41fb-95ef-c4f4d47b5f9d,14,16.78450888226606,18,2024-03-10,1,0.8833952043297927
c70bbfe9-aad9-4a83-bf88-6c37c1dd1017,28,57.009812433815554,55,2024-08-23,0,1.0180323648895635
5a9dfa6c-988f-469d-9522-c4097ba4cc99,46,60.85162936656251,3,2024-08-25,0,15.212907341640628
6c376019-64af-4082-94cd-3a0ae7905458,43,152.44434344549396,6,2024-07-22,1,21.77776334935628
47c6995c-6321-465e-832b-b8bef84f08f9,30,178.46329303521674,18,2024-06-18,1,9.392804896590354
baaf5d17-d9d7-429e-a940-52ab9eeafdb5,19,197.87303373679956,26,2024-03-15,0,7.328630879140724
730e879e-303a-4673-b1aa-41d8194b77a7,43,36.924384387006555,78,2024-07-01,0,0.467397270721602
b47d7e2e-213c-4fac-acec-4d100f85d104,3,18.140075185475112,88,2024-02-05,0,0.20382106949972037
86468c05-5e80-46d3-abb9-f72797beff6e,48,57.003711472794535,67,2024-06-01,0,0.8382898745999197
2fcbd60b-1394-443d-b707-e90e761eb3af,55,21.792039679538668,76,2024-06-26,1,0.283013502331671
3e553cdb-65b5-41e2-bf8e-45fdf89c0060,30,130.03390041167663,18,2024-07-05,1,6.843889495351402
6191dd10-fb45-432d-a56e-edf65e01efa5,37,158.86071434069768,96,2024-08-20,1,1.6377393230999762
b3fa41ad-f795-443b-8400-4909c08838fc,2,47.15676721282479,86,2024-02-16,1,0.5420318070439631
bf6af5bf-e615-46ab-9829-3499fe848a95,5,159.5100122427598,73,2024-08-02,1,2.1555407059832405
d0f4b756-a3a6-4de8-bc5c-1ab1f0f00bfd,27,172.456917809837,58,2024-08-07,0,2.92299860694639
5f0fab05-8d5f-408d-8e8f-13a351a7976d,12,34.9100016276155,4,2024-07-02,1,6.9820003255231
aa6c2d5a-90b6-4744-9744-17f521ff2a99,27,137.67228679275303,79,2024-09-21,0,1.7209035849094128
8592f1ba-0813-42ba-9a22-832baf84c197,41,194.86511739850818,52,2024-07-26,0,3.676700328273739
0f709ac3-bf91-4e4c-99f4-414a8b2dbae1,13,175.11866869336063,12,2024-04-28,1,13.470666822566203
6e4daabc-430d-4861-ade0-79a8d45993a3,54,16.280995649574237,68,2024-01-10,1,0.2359564586894817
6408bc47-3526-474f-b601-a373847bfccc,48,87.66778132931736,55,2024-09-15,0,1.5654960951663814
2ad371f2-9f24-46d6-8d37-453bf9f2d5ea,2,158.25863225014933,13,2024-01-21,0,11.30418801786781
61150959-6fe4-4eef-9853-f22d8c90c9fe,50,91.65390297676065,1,2024-02-21,0,45.826951488380324
0d9ebe2d-4a49-4114-ab3e-4b503bbda545,39,154.50821430936432,73,2024-05-09,1,2.0879488420184367
6eeb4b73-4e2a-4973-91b5-32c12b0cbf3c,29,35.599717346434275,41,2024-08-26,1,0.8476123177722447
df37fc87-9197-45a2-95b5-94abeff7ae16,29,137.74566729806963,36,2024-06-03,1,3.722855872920801
1d464ab0-ac79-4bc9-9fa4-27f2770c2c23,18,128.438799554104,45,2024-05-30,1,2.7921478163935656
242a597e-1293-4737-89fe-66c240db0e71,35,97.89051575986963,67,2024-03-18,0,1.439566408233377
036d9267-f178-4887-b016-f7efb884ac1f,18,13.985562490650976,21,2024-03-09,0,0.6357073859386807
fe950629-6ef9-41e2-a090-f8e72846720e,59,106.63801792670391,55,2024-06-08,1,1.9042503201197127
df2ebdc7-c436-4b8b-a78f-bba14e8689a1,42,157.4175259423193,54,2024-08-08,0,2.862136835314896
afe1d3ce-2169-47c5-aadc-624ea6fafce7,5,23.67898831465848,16,2024-01-29,1,1.3928816655681457
0ab1db2c-e045-4b46-bd8b-66e5bf3d0792,58,169.42237931555613,75,2024-06-14,1,2.229241833099423
607bed0e-03dd-4abf-9fc1-9346b3b6ec3e,14,184.73572663992277,96,2024-07-30,1,1.9044920272156987
d3239a6f-51b3-4bcd-aa4f-113d520a2f73,14,95.31146373217254,40,2024-01-10,0,2.3246698471261595
3804df57-895a-453f-9055-73fc7e81e608,3,149.3518089957118,12,2024-04-20,0,11.48860069197783
ddc8d3f9-c275-48f5-976c-6b74f3f9722f,18,45.55504456527209,39,2024-06-12,0,1.1388761141318022
cf303c10-f6c7-4bdb-b60d-bb19e967d956,25,177.1421954054835,44,2024-09-02,1,3.9364932312329666
42acd6c0-555c-4ef8-a285-d438da195c06,4,135.26731932562217,68,2024-02-06,1,1.9603959322553937
9d2447c8-fac1-45bc-baa4-561b5124147b,23,100.99531728408371,64,2024-02-16,0,1.5537741120628263
c95f2341-fbd7-4e31-b8d2-1571754bd233,52,15.811651452018424,63,2024-10-10,0,0.24705705393778787
146fa147-a0c5-4ed4-adc2-e5d29e2cf812,1,138.9626273706254,22,2024-05-10,0,6.041853363940235
e69b1e9f-7f85-4995-9597-1ecda826792d,10,199.38293201391045,78,2024-02-02,1,2.5238345824545627
2c75ae7b-53cf-4a90-9a5d-bd5e79709ce2,21,122.1706947121031,77,2024-06-26,0,1.5662909578474757
8f7b5357-56d8-4e4b-ab11-0cbc3909d1c6,10,91.8168170325063,48,2024-06-24,0,1.8738125925001283
da01fbbb-f893-42ab-b76f-159c0ad475f5,22,57.439510731338885,92,2024-08-11,0,0.6176291476488052
1e67e702-dcdb-4af0-8472-4dad747f04e9,18,179.55415292862955,60,2024-02-08,0,2.9435107037480255
25811e2f-a7bf-4ec6-ae95-0b2c5e60ff7b,34,194.37176595905083,50,2024-03-31,0,3.8112110972362907
b39a6368-b3df-4d25-9d5a-6cdb86e978e1,10,52.582899631572396,81,2024-07-23,0,0.6412548735557609
548b3f09-e593-49bb-b0d6-a5edc02c7f39,34,114.13665756440176,94,2024-02-25,0,1.2014385006779134
6f215024-7461-4ab5-989a-1eeb8e3ca8c2,15,145.0126551893061,81,2024-05-25,0,1.7684470145037328
64a0c569-7279-48b6-bba4-11e4d392729c,47,68.15214004639571,77,2024-02-15,1,0.8737453852102015
413040ed-688a-4407-b683-82c820ae0a52,19,66.04288547214595,75,2024-09-16,1,0.8689853351598152
f33d8f1e-cfc4-4afc-86eb-2cc7445dcf7a,53,138.9630130952485,19,2024-02-02,1,6.948150654762425
f4bbf950-b131-4f98-8e9f-7cddb338684f,46,143.52410043411427,83,2024-06-03,0,1.7086202432632651
2416ffac-3080-4536-89a5-ba2eb81493c6,45,173.12374080769987,82,2024-10-12,1,2.085828202502408
e353e38d-32f2-47ca-9c15-ee683cae1930,34,14.28229825432594,69,2024-03-25,0,0.2040328322046563
2c2d4e73-554b-4f73-8a1d-ecde7aab7573,14,195.04596752633796,70,2024-02-17,1,2.7471263031878586
aacfac46-fcfe-4320-ab42-f330b832b003,59,83.81540592898901,74,2024-02-12,1,1.1175387457198533
1eec4f1a-037a-4b64-9681-deb738704dbe,53,187.66586250803078,64,2024-07-19,1,2.887167115508166
6db32995-f95c-4200-bea2-4f040c195790,14,109.80903175929393,59,2024-07-02,0,1.8301505293215654
655766ad-53a2-48cb-836f-315d1cc2e096,50,140.56172862358864,49,2024-10-10,1,2.811234572471773
4e460f81-27e7-4659-b7aa-5b7fb9a23258,14,181.13968551359895,33,2024-01-23,0,5.327637809223498
684d50a1-ad13-4054-9952-c92a46b8324c,57,61.46040185827675,77,2024-03-07,1,0.7879538699779071
7b05d320-76d0-4d73-8e9b-881ee086f7cf,19,165.5402991541678,10,2024-03-07,0,15.049118104924345
7268fbe6-efd2-4473-bd28-bf8f9d89289d,19,169.0505148340149,38,2024-01-21,0,4.334628585487562
370be7fe-66b5-4229-a171-d642439d0aa1,13,27.424111454560265,47,2024-06-10,0,0.5713356553033389
7aecf987-2b7a-4845-8f62-63649d55587b,20,40.04417168492256,17,2024-07-03,1,2.22467620471792
63d28044-4c2e-41b9-90d8-a5d4008c5197,56,29.61469909373149,98,2024-05-16,1,0.29913837468415644
3829e8b2-e601-4850-b429-757a1bfa5112,7,124.6334210265602,10,2024-05-02,0,11.330311002414563
1c33d72e-251f-4c92-be69-4122b58da92f,55,134.39878299126275,93,2024-02-17,1,1.429774287141093
073878e7-c440-4767-9bc5-5fab7f7c271e,49,195.26266592054512,60,2024-08-04,0,3.201027310172871
732cc473-664a-4661-939a-c07ff88059d3,3,89.13058833910374,42,2024-10-05,0,2.0728043799791567
0876c023-ccfd-40ae-8fd3-8b300f014803,10,93.99656432934778,53,2024-01-09,0,1.740677117210144
fe8fb0b0-85d9-499b-8027-14b5c5d4cd51,54,104.54498059490844,48,2024-09-04,1,2.1335710325491517
0b06ea8e-6a4e-48e1-bbae-3b9eb1efb67b,29,129.18602500157704,88,2024-04-25,1,1.4515283708042364
d50162a2-48f2-4611-817a-3ce3ee2dfadb,59,18.785787439278984,57,2024-02-02,1,0.32389288688412043
eb608f75-4d46-4351-b83d-df22799af156,25,32.38683423464778,86,2024-05-18,0,0.37226246246721584
46de8f87-8eca-4533-ace0-30914e1b66a0,24,100.62456845353252,91,2024-03-11,1,1.0937453092775273
d0f868a4-f60c-4b5e-940a-69138bff4e05,45,21.406493301601962,85,2024-04-05,0,0.24891271280932514
67c8b56e-2007-4fa4-8b80-b329aaccb391,9,109.64853387673372,45,2024-04-22,1,2.383663779928994
6d005e3b-9e25-4220-8824-e7234c9b46f3,6,126.78727944196739,93,2024-09-29,1,1.3488008451273126
2d1804b7-6e8b-428e-908a-cb3cb9cfd991,45,39.471530811322836,89,2024-04-11,0,0.43857256457025373
13d83c22-4c2d-4133-851a-3737cb626110,10,94.6289050984541,50,2024-09-11,0,1.8554687274206685
1032d704-ffc7-4a18-9b83-c1081ecf9789,48,161.4087615452588,26,2024-04-13,1,5.97810227945403
19623daa-b074-450c-8e54-85dcb611a16a,11,102.22165978513212,81,2024-08-17,0,1.2466056071357576
6f58df50-3a35-4e6c-8df9-5b17e728d7e4,18,140.81306343040922,19,2024-05-21,1,7.040653171520461
acef57d5-a41b-4112-b58a-e0e682ce449c,58,92.70228145176839,88,2024-01-18,0,1.0415986679973976
2398c7ba-429e-4f89-b4e1-c0aea98794c3,13,176.3724598403509,33,2024-03-15,1,5.187425289422086
741f8a3c-b905-44d3-b697-3957b5fc5be6,57,175.08053082570365,76,2024-05-23,0,2.2737731276065407
0a720cc2-cd19-40b8-8c70-d9d0620099e4,40,106.98221889847846,34,2024-10-12,1,3.0566348256708133
116d242c-cbd4-43df-8eb7-07c26aaf1ee3,48,50.13562864942697,18,2024-08-19,0,2.6387172973382618
2b300290-0633-45d8-9982-2d16d15a0a98,42,158.03502230496463,62,2024-05-05,0,2.508492417539121
e0303559-3894-4077-aa8f-86ed46c0f1e2,6,111.47324809577017,17,2024-10-03,0,6.192958227542787
cd57c35d-3671-4e05-96cd-539aaad26ca1,5,166.8248117706209,39,2024-01-27,0,4.170620294265523
b6e6e589-d2bd-4372-8e75-b20325936fca,16,142.90268207426234,11,2024-09-03,1,11.908556839521863
a586cd8d-b5a9-47d0-8e8c-6af24f1b2adf,10,165.31608349216756,25,2024-02-02,0,6.358310903544906
56a1b752-c01e-41a7-b773-bfde2b0ba3ab,9,94.42836505880433,11,2024-02-14,0,7.869030421567028
a41b8247-3179-4ece-9ab4-e98a768e9f05,45,79.12794726368492,29,2024-07-24,0,2.6375982421228303
a2214e31-4a77-4bd0-b53b-8c2c6cc70907,32,103.43934252717881,31,2024-05-02,0,3.232479453974338
3df5cdaa-2c39-455e-b2d4-09018b9ac498,17,62.2318669654108,19,2024-08-28,1,3.11159334827054
a2a96bdc-de78-4719-9c50-cc35aff2cf13,26,198.48371784910213,98,2024-05-25,0,2.0048860388798198
adbeaf8a-42a9-4496-ae11-b1d906cce884,28,92.87493143145443,40,2024-07-18,0,2.265242230035474
3db4a51f-d777-416b-beb1-b31cd64d40ed,12,194.89853885319133,50,2024-01-17,1,3.8215399775135555
bd9919ab-a4e5-45cb-a605-bb8821c6b9b4,8,172.43655164790403,47,2024-08-16,0,3.592428159331334
d4968e8d-7253-4c2e-bd67-aae5976ee497,37,96.77823923516327,44,2024-09-17,1,2.150627538559184
c7a10f22-410e-4932-8e9b-1ca210c73760,5,36.828855501720795,26,2024-09-14,1,1.3640316852489183
e60f6c03-8759-49f8-b3c8-58f6994ccccd,6,14.859465533133347,12,2024-03-30,0,1.1430358102410267
37bd40cb-a385-4aef-a43c-72956644263b,35,58.07195748142773,50,2024-08-19,1,1.1386658329691712
e7af5fca-aa5f-4192-a0ce-51e821580ebe,43,142.67837379413652,99,2024-01-06,0,1.4267837379413653
41f0dd43-2a93-4481-9f20-abe085d037a3,27,56.19873384083098,41,2024-07-16,1,1.3380650914483567
010e030f-48c6-4a20-80ab-2c1268845ec8,44,192.67943012557714,6,2024-09-20,0,27.525632875082447
cbcc2053-a7b3-4f55-9212-8293800bbb5a,16,168.57859062040578,1,2024-08-10,0,84.28929531020289
feb1bfa6-0cf5-40cb-8bf0-3cae7d0949af,5,59.60256749124551,55,2024-03-04,1,1.0643315623436698
47e5eb1a-3a48-4beb-b3da-8f2ef7080c7c,21,165.69548048988443,50,2024-02-05,0,3.248930989997734
f19c0c05-00d1-4342-859f-df64e8742a5c,35,34.15671680192452,3,2024-09-20,1,8.53917920048113
48b38b59-702b-47ef-a4c4-db5cba7127b5,41,179.99390171624057,69,2024-07-17,1,2.571341453089151
354ecf09-35c7-48c8-87c9-a1a7f89ac97a,29,64.36680558549847,77,2024-06-23,0,0.8252154562243393
7de61101-8280-43fe-a3db-8aed8b0847f3,3,125.15869521808904,56,2024-10-10,0,2.195766582773492
b8d95e8b-492c-4764-8467-1b9d506807f3,34,181.16290283369233,31,2024-04-21,1,5.661340713552885
44946589-a9b0-4267-93be-7b9a3c8c100e,35,26.887949577294016,97,2024-07-28,0,0.2743668324213675
f9f86dcc-ee07-453b-b06d-f4148e32c952,56,188.51296752748476,1,2024-08-19,1,94.25648376374238
61dd5fdb-dc2f-4ace-b99a-66bb4f457a92,38,49.58916096695075,66,2024-08-31,0,0.7401367308500112
c3f3d0e5-1866-4b17-a1c7-32c9f08bc8e9,37,106.52598344628161,55,2024-02-11,1,1.9022497043978859
079ae2cb-9a98-4c4f-941b-99b98b0a4aad,47,140.10750750591183,5,2024-07-08,0,23.351251250985303
51a24c3a-1ffa-46ae-b8dc-e2b781f3f3cd,48,162.89100163921165,72,2024-09-23,0,2.23138358409879
ac0bf88e-c67b-405f-96dd-819c89a6f4e6,18,35.42150166350251,53,2024-02-20,0,0.6559537345093057
ec8b5c94-b3b6-4db1-bf3f-9386ab2ebdf7,54,110.21962293444189,95,2024-05-02,0,1.1481210722337696
8eabfa1c-6fc3-4066-a94f-08df81edf187,24,173.7114015474997,32,2024-05-23,1,5.263981865075748
7e3e725d-ccc6-41e9-94bd-f84952242407,46,154.31284777598395,24,2024-05-12,1,6.172513911039358
f754722a-6b42-47dd-8004-9c9616240d17,38,118.94849530374628,78,2024-09-13,1,1.505677155743624
ed6843b7-f3ae-4052-bb96-47b538b69970,45,88.94720581325139,53,2024-02-23,1,1.6471704780231737
4b962508-4720-416e-af61-97b477eb234a,53,87.14402896060719,41,2024-04-03,0,2.074857832395409
4148480c-854c-426b-8293-5ddfac5cc1d3,20,148.84274133910174,7,2024-07-02,0,18.605342667387717
c53153ed-c372-4bac-99e1-ba398bc7d0e7,12,13.37102223443494,50,2024-10-02,1,0.2621769065575479
98a93d4f-4ce6-4ef4-b91d-6275acefecca,37,79.8345403131219,1,2024-06-14,1,39.91727015656095
d7f1cc9f-91c3-46f2-a986-4a976cdadf5c,41,38.13158689957915,64,2024-09-30,0,0.5866397984550638
bfcf1624-7613-4ff7-9b21-3e207b5d002a,18,188.20896556773914,65,2024-10-06,1,2.851650993450593
c320c61f-6329-4371-b161-f540ff583812,31,14.828444071617884,40,2024-01-19,0,0.3616693676004362
3df40a74-938b-45d0-af93-dffc7c4b9a61,34,67.28098551178891,73,2024-09-18,1,0.9092025069160664
110ac0a7-26f5-47d7-8408-c6416d199810,34,154.29522214741093,80,2024-04-01,1,1.9048792857705052
b0ba950d-6212-415c-92a5-35c6f41e2690,35,41.39702881390062,75,2024-07-28,1,0.5446977475513239
15b6733d-7aec-4432-a542-cbe8c18900d1,7,172.32878136661913,36,2024-07-08,0,4.657534631530247
08af6903-64b8-49de-8953-cc4b218830d3,59,129.538581971521,36,2024-05-23,1,3.5010427559870543
ce7a1882-d059-46a3-bc04-c8a33e89aa79,36,64.63831385236153,61,2024-04-02,0,1.0425534492316377
05feaf83-a0d4-4254-a66d-035ce5b2db34,11,68.95460696222172,23,2024-01-19,0,2.873108623425905
e6485167-d96e-4bb4-a9a3-9ebf03bb87e8,54,61.42468469084163,50,2024-02-19,1,1.2044055821733652
9ccdcd40-1cf7-421b-a63b-462295d1c9b0,37,192.2769131438587,82,2024-04-09,0,2.3165893149862495
f5149ed2-e7ab-4cda-b080-fb1ac9912a3d,59,50.7182368994255,95,2024-01-14,0,0.528314967702349
3031ca79-2aaf-420f-902b-7bec05d287b6,46,179.5040355506648,22,2024-07-02,1,7.804523284811514
4876731b-6d04-48fa-90c4-40e5308cb34c,33,189.08440239565172,59,2024-01-14,1,3.1514067065941953
649aae5a-944d-47c1-b759-3aee669a8855,35,175.39827785363377,65,2024-03-21,1,2.6575496644489967
e4a9376d-ad6c-4b19-94ce-78b13f71f5de,58,86.01193725171824,14,2024-07-23,0,5.7341291501145495
3ad9d30c-4585-4050-8a37-4943084e3041,49,64.92163584363169,24,2024-03-20,1,2.5968654337452675
903515c0-6cac-4f5a-b752-bea6dd39d8d3,40,105.86101436806118,88,2024-02-04,0,1.1894495996411367
d90891f5-168d-4fb4-86b1-8e0cb0ce88fd,47,80.67023335037915,47,2024-03-29,1,1.6806298614662323
04e3ba3f-6b3d-4b2d-8923-8878f38ad9ce,8,89.96943359840427,18,2024-09-21,0,4.735233347284435
491c8390-9a82-4ba2-a140-535a812d6155,3,184.3010764466787,69,2024-05-09,0,2.632872520666839
d92b84a3-3622-4d12-be75-e78c5cf609b5,41,111.39379330666692,84,2024-02-14,0,1.3105152153725521
ac92fdaf-1dad-4e4d-a3d3-e51501f684b5,17,151.467119576883,44,2024-02-29,1,3.3659359905974
14cf2d78-9ddc-4013-bd98-f91b661ca944,51,123.55769317481956,94,2024-01-25,0,1.300607296577048
55e9e4c5-b6fc-4ae5-b251-d79aa4db9b82,45,93.24016757115004,65,2024-05-15,1,1.4127298116840914
5a14d5e6-02ae-43ed-a2d1-c8702054eff0,34,106.22365933239026,31,2024-04-09,0,3.3194893541371955
289e58f0-bc93-4436-a4f8-bb7e76a52178,15,105.15381170363563,48,2024-01-28,0,2.1459961572170534
6a7eaf68-352c-4e48-bef2-4ea2349912cf,12,40.76442355688238,48,2024-06-13,1,0.8319270113649465
5d4d3f58-9cce-48ab-90dc-af1c5d668764,16,75.92173709318061,41,2024-08-26,0,1.8076604069804907
b3f3ef79-345b-4659-a349-4319b641a98d,38,144.63356991511358,42,2024-09-23,0,3.3635713933747344
94bf5029-0905-40c4-9a81-3e3209911813,56,117.90411787421532,24,2024-02-16,0,4.716164714968612
546c99d9-43a2-4484-865b-20e81ea93fd6,42,59.66939114725127,87,2024-03-17,0,0.6780612630369462
5dc6df75-a145-4bca-9f5d-2230446a0a84,56,169.62469797671397,96,2024-01-15,0,1.7487082265640617
ba729fa0-acb3-4253-8409-9d7dfaa743a8,18,168.54880551371545,23,2024-05-22,1,7.02286689640481
b97a96ec-7cb1-4a2c-9e3b-6f9adf15141d,25,188.64830618948744,10,2024-06-30,0,17.149846017226132
475ba50d-7515-4bce-82b5-376625ab2232,7,183.50622118024182,11,2024-07-19,1,15.292185098353485
c0f1d6bc-f920-4f9b-9568-2e29b91dfe3b,40,150.32454712178037,60,2024-01-30,0,2.4643368380619735
11be6a0d-b81e-405b-a980-ea44cc76f513,24,158.69817597392753,94,2024-02-19,0,1.6705071155150266
d30c680a-34b9-4201-a764-665665078632,48,104.8719520278239,25,2024-05-24,1,4.033536616454765
852dfb64-527b-4288-b9d3-5a91deb62bd9,39,183.82355453563724,55,2024-01-30,1,3.282563473850665
8a3489be-f62e-4504-a4d0-e93904f0f0f2,10,67.83547223609932,56,2024-06-25,0,1.1900960041420934
efc1efe6-2d7f-4563-9a27-62711de82129,1,68.47414753688815,16,2024-02-24,1,4.027891031581656
5140e7a4-fc67-43d9-9172-61da4cf03eee,36,105.21499035283802,55,2024-08-27,1,1.878839113443536
aea604ba-53a1-499c-9f42-66abe9b37fcb,58,198.6040276427135,93,2024-04-25,1,2.112808804709718
b3da4afe-ef64-4898-a992-d9ae3d0ff7d6,29,16.313415609045247,83,2024-05-18,0,0.1942073286791101
8e8f9e86-25bb-4f8c-bf14-0e77a1c50d75,29,34.501516971431386,53,2024-02-04,1,0.6389169809524331
3701d663-e683-4f16-bdd6-5bbd9400737c,9,140.84358279045767,74,2024-03-06,1,1.8779144372061023
629605df-a928-49a2-b4b1-ff1586f6a881,29,171.36406100465797,5,2024-08-23,0,28.56067683410966
cd5a9b91-8ada-46c6-8098-fb9ef75f77fa,39,99.64095355003694,75,2024-09-02,1,1.3110651782899598
eaf52ccf-2895-46b8-a836-5416289236e3,58,166.1712806054226,15,2024-07-15,1,10.385705037838912
66372fbe-afdb-4592-83a9-5fe80254943e,11,108.33622986834933,34,2024-07-20,1,3.0953208533814096
25e44360-0f3a-47e3-a0c1-10e2d23f4595,36,22.889816651785544,1,2024-07-04,0,11.444908325892772
4e606dad-ab88-46ce-97e4-b87b26d45202,19,48.95568155185377,69,2024-05-15,0,0.6993668793121968
5c8571e3-c985-41e5-ac88-62c3ced06fd1,11,167.11380811417757,57,2024-06-20,1,2.8812725536927166
882d56d2-644e-4699-aa5f-ea135f6c9d67,5,151.38899081260809,79,2024-05-18,1,1.892362385157601
3080580d-d382-4849-aae6-6b40e7d86b53,14,188.63813810639263,39,2024-07-24,0,4.715953452659816
9973ade1-4a5e-491a-8ad7-cecb564b4fe0,27,82.6942801384258,65,2024-02-26,0,1.2529436384609969
928e2ffe-3c6e-4870-b5de-031379e229d5,39,44.99981497857537,30,2024-07-28,0,1.451606934792754
d5dbfabc-c48a-47f5-ba72-e1a1225dd156,40,197.41270188598156,80,2024-01-12,0,2.437193850444217
fb864372-d409-4849-a1d9-f0269cf6528e,26,165.0735465473377,8,2024-05-13,1,18.341505171926414
91945f60-310f-4ac1-8309-41d3d5bc70b4,38,160.0354690366228,73,2024-08-15,1,2.162641473467876
7c6c4377-92fc-4709-8acd-ad516ddcefcc,10,177.41038477808016,25,2024-07-17,1,6.823476337618468
5c0fa170-8a72-4ab6-bd6e-3f6a236e7fc7,39,95.40963701302057,6,2024-09-25,0,13.629948144717224
e26423ab-a83d-4c6a-aff3-9bb2f7d744d6,14,113.75987205875663,23,2024-08-25,1,4.73999466911486
49e5d413-971c-4486-947c-bd646bffadf7,57,164.79584487611763,50,2024-07-29,0,3.2312910760023064
bbd1c543-ae86-4499-87cd-99b8d3e23c27,50,126.82077995960549,56,2024-08-21,1,2.224925964203605
8274c17d-2546-4e8a-98be-f55deac12e63,28,41.28337743197603,46,2024-04-07,1,0.8783697325952347
e54e9f5a-a3eb-44ce-aecc-b2fc922d3fa1,38,97.41235067838623,63,2024-01-31,1,1.5220679793497849
69ffa85b-538b-4aa0-80a7-48b65fea0d65,25,154.49992732999974,84,2024-04-27,0,1.8176462038823498
84d1a167-2d8a-41e1-8f01-fcbb7e5a981f,43,31.613353089914348,20,2024-09-23,1,1.5053977661863975
06ce7875-a50c-4625-b7a7-d10f880d0011,37,146.71295392792612,42,2024-07-18,0,3.411929161114561
ecebc207-0032-4760-a79b-8d665a25734c,47,43.07478575050487,17,2024-10-11,1,2.3930436528058263
13e214aa-6a33-4963-971a-9d0bbdb37459,58,133.25532989295033,88,2024-09-03,1,1.4972508976735992
89e6168c-9b79-44db-9fb7-cf7f6c396eb4,25,180.45368578102205,36,2024-07-01,0,4.8771266427303255
52da4afc-caae-4072-b304-a4f293fb726f,13,12.400858070683546,59,2024-04-03,0,0.20668096784472575
10f6d5f4-3e90-44b6-a42b-43261d903d32,34,93.4042589610369,81,2024-01-16,0,1.139076328793133
5bcf392a-e8e9-4f81-b6ad-9450d50b5c1e,29,81.83694094320411,96,2024-07-06,0,0.8436798035381867
36ae5a72-ad69-41fe-9d85-84e59dfcb5cc,56,173.0905150207705,72,2024-06-30,1,2.3711029454900068
bb08f088-0667-4f60-b9c6-9aff0852724e,11,14.49943043555244,44,2024-02-06,0,0.3222095652344987
d2bc9e3f-09ef-41cc-8feb-3c7e09b43393,42,193.2052934665487,60,2024-09-04,0,3.167299892894241
451374a1-af5d-4529-b9d7-dfc091de2b49,5,188.3787004845904,45,2024-08-25,0,4.095189140969357
09e759a4-e644-4226-a532-148f6f39eeca,28,114.11793693998567,15,2024-06-07,0,7.132371058749104
e92518ef-82cb-4f41-9f0e-f844a487cbda,10,172.98691385777744,3,2024-05-18,1,43.24672846444436
bea53f36-c191-494a-a735-4e359d2b1cd6,16,84.16560891446436,40,2024-09-03,1,2.0528197296210817
ca7ceb48-4ee8-4dba-ad26-e64974673525,1,28.31966408384142,75,2024-03-10,1,0.37262715899791343
95b05766-26e0-4ce4-9d87-743bae134220,6,58.826773672793784,3,2024-01-28,0,14.706693418198446
566d9f7f-9a27-4edb-989d-95ac75557bc0,54,56.84409867357286,16,2024-03-17,0,3.343770510210168
2cf561b7-5c57-4702-9c69-a50f32bd0c4c,56,54.748874113043165,18,2024-04-19,1,2.8815196901601667
148dcd9b-79e3-48af-ba21-e345d1ce787c,48,115.47500439748265,7,2024-02-26,0,14.434375549685331
413b616f-872f-495e-8e47-07a006d84244,10,127.89958597055903,98,2024-04-18,0,1.2919150098036265
03214c29-47e4-4411-84fe-cebbe4b54d7f,31,58.134326842993815,81,2024-02-18,0,0.7089552054023636
75ce1643-01e2-4896-b46a-432338623800,54,38.3686054900307,25,2024-03-19,0,1.4757155957704116
d7cc929d-f902-434d-80d8-867c54500af4,5,22.06435707510887,10,2024-09-14,0,2.0058506431917156
002b0b04-1f40-4219-a3d7-f410fd594632,50,89.51444635120119,28,2024-09-09,1,3.0867050465931443
ef2d1010-81de-4bf2-b452-9bb8c15d6ac0,52,123.9685144212896,8,2024-07-31,1,13.77427938014329
275afb73-eb7b-402f-8751-b5adc17e44ce,37,97.31287599912706,65,2024-07-09,0,1.4744375151382887
1d240594-e70b-4532-83f7-23a28b731aa6,23,124.5031222937672,39,2024-02-21,1,3.11257805734418
316e75bc-79f5-4656-9544-0b971e8aa23b,17,181.90217896337472,36,2024-10-12,0,4.916275107118236
aff4023e-eb4c-4141-8e5c-bb85efa47559,2,53.28397235019447,36,2024-05-18,1,1.4401073608160666
2143b25d-142c-40f8-91ed-0a2909ba474c,55,197.77496682366618,94,2024-10-10,0,2.081841756038591
16207e6c-dffd-43d8-a29b-5f46032063a6,43,110.00708138743113,66,2024-01-19,0,1.6418967371258377
bfd45315-a0ef-40c2-841d-e299a3b73c61,35,15.920006399617826,40,2024-07-26,1,0.38829283901506895
31144bed-7acb-4fb4-93b1-8712839ac365,7,21.18923734740136,86,2024-06-23,1,0.24355445226898115
47a56722-8ca8-410d-8577-9816ed000135,2,73.2064509726069,78,2024-02-21,0,0.9266639363621126
e22fd978-774e-4499-a383-1689a7ab88b7,14,158.4946717140639,50,2024-08-11,1,3.107738661060077
21342f5d-2cbf-402b-9ef8-83fed4f197b9,13,48.636331390091,14,2024-01-15,0,3.2424220926727334
4e4570eb-d5fe-41b3-9390-b43a7b787f07,33,32.58478252004614,47,2024-09-02,0,0.6788496358342946
ec6aa045-715b-4d82-9dc8-3248fe012e80,44,67.78973455092921,52,2024-03-26,0,1.2790515953005512
79f55c78-8180-486d-81ee-059f74e97e58,39,134.27477032743417,95,2024-01-03,1,1.398695524244106
750fd302-119e-48fd-9ef6-6aa7fd402bfd,43,30.00752128573682,26,2024-01-03,1,1.111389677249512
49ad6379-8766-4ae0-b080-92f89f9d20b8,27,44.863844409547305,11,2024-09-01,0,3.738653700795609
b853cd51-2d2d-4bf5-b5ea-a5da75ce4085,28,29.559957169116377,34,2024-08-19,0,0.8445702048318965
41a74c51-6f87-4c26-a321-32812cdd4020,21,117.4927987301921,65,2024-06-20,0,1.780193920154426
5e5d6fa4-8bf7-440d-9ee5-e4f1c7b15ec6,58,21.839995801409724,86,2024-04-21,1,0.25103443449896234
6b463bdc-8d4b-4017-bf25-360cfcb1b407,54,50.91503864653811,61,2024-03-12,0,0.8212103007506146
e9c1e337-bf06-4e34-9e30-708685328e99,42,114.27849347195148,40,2024-03-28,1,2.7872803285841825
81b5d82c-fb1d-4be0-bd01-c792b817c29d,13,73.38370973674489,36,2024-05-29,1,1.9833435063985105
f2ed99d2-242b-47ef-aba7-31231a3071ce,23,119.12059455421326,88,2024-05-05,1,1.3384336466765534
715e05f4-6040-4b60-b0e3-cf215ab8097d,32,80.98130971148703,31,2024-06-14,1,2.5306659284839697
0960c585-6737-4e5c-b1c7-3a3aef317c27,37,13.974099861962081,70,2024-09-01,0,0.19681830791495888
bc695400-8d65-4450-adcf-b1dcfc6677ce,37,113.30477964812043,99,2024-06-04,0,1.1330477964812042
e6060328-c2bb-4df6-a775-4f82a14b5047,29,30.767347831948175,23,2024-09-20,1,1.281972826331174
2334c0f5-1bfa-41b9-90d8-24d5e58b6b71,30,151.39157508815612,9,2024-02-24,1,15.139157508815611
89b4dda8-c999-49a0-91ed-5c10f71bd2b9,47,45.54953814788539,47,2024-05-26,0,0.9489487114142791
e615cef2-7697-4e78-870e-412a9ce231a9,54,140.88293795734006,49,2024-08-22,0,2.817658759146801
15240746-1855-4bd4-89a2-24d272f677e9,39,156.16169500815653,60,2024-05-04,1,2.5600277870189596
28c28a3e-ace9-44e0-be4d-d887e4630828,7,41.439240613445676,25,2024-03-21,1,1.5938169466709875
83b17e5d-5794-46f8-b48f-92c2ced7961e,45,114.67906073740461,73,2024-05-27,0,1.5497170369919542
0da193bf-bc23-482c-8f01-8d27c402cdad,29,101.73972442643313,36,2024-07-29,0,2.74972228179549
d64b7a1c-e9ea-443e-b6e9-2807ce3f281f,1,21.091801270418017,50,2024-05-20,1,0.41356473079251016
87cf3b87-e7e8-4da9-9533-aa48effbac39,27,199.205445570311,35,2024-05-28,1,5.533484599175306
282d826b-b00c-4319-96cb-e07782672b28,14,109.63427632968346,37,2024-06-13,0,2.88511253499167
296dc311-aac6-4bfd-8f87-0c889e9d5e22,11,183.6245108360377,11,2024-04-06,1,15.302042569669808
f2d69666-a86f-4073-92e1-7fff68d4ae22,53,95.07391623087545,26,2024-10-01,0,3.5212561566990908
1def4ebc-4d20-4420-b7eb-de2cc7a05dad,28,130.67863775347953,52,2024-07-05,0,2.4656346745939537
c24c2fc3-f4ee-428b-b54e-aa516785ed19,31,133.85543993077857,67,2024-07-01,1,1.9684623519232143
10c9809d-fe78-45ea-8f17-23a7d43adfe0,34,49.00678445118185,9,2024-10-03,1,4.900678445118185
d6ba4457-2666-4740-9b68-340b5bce2a8b,14,105.98430514194438,53,2024-01-08,1,1.9626723174434144
d9dab25b-3229-4700-8a24-2f205f2d5303,8,136.13419688856564,98,2024-02-25,1,1.3750928978642993
5cf56c4e-3dd9-4bcf-9841-95262e5ea6ea,34,163.46337001519404,21,2024-04-29,1,7.43015318250882
09103b50-b235-494b-b154-f6a66aff4dc9,31,118.937926677195,49,2024-04-05,0,2.3787585335439
d386b7e0-8eb3-40ad-ace3-07d3c7cb3895,8,127.33624879562043,84,2024-03-21,0,1.4980735152425932
e41b5264-ffe5-49bf-9930-2c17da4509de,56,63.190362355599945,74,2024-09-09,1,0.8425381647413326
3e4f7fa1-169e-42dc-a9ce-fa5cfcc88a6f,2,28.612574791380432,97,2024-06-02,1,0.29196504889163705
53c43279-6365-4fb3-93b1-7d1a6c923a38,47,20.504629802564118,18,2024-03-07,1,1.0791910422402167
77ea5896-dd9e-4250-82c9-e38c0b3f1dd7,21,112.50666744090292,7,2024-04-16,0,14.063333430112865
5c4ef6bf-630c-42f0-b279-69a5ba6adccf,45,136.50437219647222,94,2024-01-06,0,1.436888128383918
f196e6f3-a5bb-44d4-a365-d033f8e069fa,37,123.03113203874014,65,2024-10-13,0,1.8641080611930325
0c353d22-aa3f-43d6-b325-d94b50d00077,48,158.27832833598816,50,2024-08-11,1,3.103496634038984
b328be09-1519-4817-9e97-c827620a200a,9,120.46648165183242,73,2024-10-03,1,1.6279254277274653
8d891fe4-e0a4-4611-999e-e4fbdc157601,30,68.97752243288014,28,2024-07-22,0,2.3785352563062117
bfc4ca4b-fe4f-46fe-9ab8-e1b1b7c96c68,52,166.29995901021562,45,2024-10-03,1,3.6152165002220786
b9fa3fc6-c9a1-4962-a946-c87512d65ab1,35,143.48061022395663,58,2024-09-29,0,2.431874749558587
89feed17-7184-47ac-bb14-3b8d22aa10dc,20,84.21929465354756,56,2024-07-03,0,1.4775314851499572
2ea6eae5-d229-499f-be0d-d00ecb036bd6,59,197.40260714523873,82,2024-09-04,1,2.378344664400467
bd3bf852-dff1-4f07-bf6d-d58847ed495b,25,108.11052266899061,72,2024-01-19,1,1.4809660639587756
d2b52521-9c4b-4434-857e-3c1cc4478b37,43,109.32127002613241,47,2024-08-28,0,2.2775264588777584
e366922c-f3e5-49b6-b488-bd517c15e869,48,18.97570965349005,50,2024-01-20,0,0.37207273830372645
197b71f6-1536-4b69-99f6-2a9d24683c88,10,166.8200909033157,51,2024-03-30,1,3.2080786712176095
5f77b0ea-b108-40d8-a8e3-fc8b514a5184,30,52.74930301536855,13,2024-03-07,1,3.7678073582406104
df0b0206-b40a-4f98-8f1f-a10c1aeb9bcf,7,46.21218178313186,92,2024-01-21,0,0.49690518046378346
678c7e37-b968-4081-8d12-9f0aa8a6791c,20,106.71911197349229,35,2024-05-22,0,2.9644197770414524
5570f2a8-2266-4754-ac70-51292a21994e,10,81.22807539885578,59,2024-03-21,0,1.3538012566475963
5f6463f5-d1f7-4789-9950-4bcbd4456bd7,6,185.4263319320723,26,2024-02-05,0,6.867641923410084
13dde596-979d-418f-8b9c-430a4c95a2bc,25,171.67817638894707,17,2024-07-21,1,9.537676466052615
5834108b-5dee-4c44-9aec-1981c9f2f833,23,99.29278661827655,4,2024-10-06,0,19.85855732365531
b34393e3-8390-4215-94b3-6feca548aa9e,38,22.270424172206383,68,2024-03-24,1,0.3227597706116867
7bff30e8-c86a-4703-9e17-522417bc9c2a,59,119.48322952898216,11,2024-08-28,1,9.956935794081847
57e8789a-42f9-48c8-ace9-76d6f01c5ad4,8,55.37327467905279,72,2024-09-26,1,0.758538009302093
cc30481f-b2d2-44c6-a341-3a0af46e2038,42,62.34211616560207,47,2024-08-23,1,1.2987940867833765
68736cb6-89bd-4ce2-828d-6bbaa4d2d0a9,29,126.3421572687541,8,2024-05-20,1,14.03801747430601
ec4e4c26-1241-437e-ba22-a825513f9e82,7,181.10307252627646,25,2024-09-11,1,6.965502789472172
40039b5f-7a74-40ce-9c7f-177b10c89f5f,17,95.73204063329648,17,2024-07-05,0,5.318446701849805
c08e2486-7f8e-4e04-aad0-bca22ed33316,29,153.0398004876036,55,2024-06-25,1,2.7328535801357785
5ec433f4-a42c-4279-ad3a-7d6035e58163,47,82.53062245502745,57,2024-02-04,1,1.4229417664659907
1ff2a518-f643-4d39-9011-824ce143cf18,44,29.563967600343343,98,2024-01-29,1,0.2986259353570035
2f38b914-96ab-4f5c-bd2b-1b93a1355b03,57,184.01411984295086,21,2024-05-05,0,8.364278174679585
ed28313b-0774-4bf3-a10f-26ce0244bf3f,54,38.63794998604115,75,2024-01-19,1,0.5083940787636994
03c51a43-b39f-4dcb-9e91-f2a6e70ed92c,24,131.57982456118867,33,2024-06-29,0,3.869994840034961
ade3305d-041e-4893-8ab2-aa1061a68bbd,44,156.56747584181446,93,2024-05-16,0,1.6656114451256856
014ee939-a482-46b3-9a34-e72f6ab6fec1,29,190.62552918537318,25,2024-08-24,1,7.331751122514353
a71d1df2-cae8-49f5-9829-b5f4ac678292,17,157.67921388451046,76,2024-06-20,1,2.047781998500136
ba921d69-0e96-4d01-8175-71dc1b61840b,18,160.0218059216074,52,2024-01-03,1,3.0192793570114604
f2d9fc43-c6a7-43d5-a598-7ab470766b4f,38,137.3333286093071,27,2024-08-22,1,4.904761736046682
081f19e4-4cd2-4c09-98e2-aba0110c4bbe,22,32.18924233156487,70,2024-03-14,1,0.4533696103037306
05a0aa03-1a5e-438b-b852-a01ea8d741f7,7,83.92097864443247,25,2024-05-21,1,3.227729947862787
5a37d53d-25cd-4dfe-a259-6ed084dfa443,36,41.48535610706196,93,2024-07-08,0,0.4413335756070421
783aa8b9-9d34-4e91-8b98-1583f94cb121,9,155.23140532506122,25,2024-08-18,1,5.9704386663485085
1944a114-0275-4dff-be7d-28c10e9bf819,21,56.02683658506501,8,2024-08-09,1,6.225204065007223
0ffd874d-7166-45c4-9a60-86aba7fcfd69,18,182.28387487894426,50,2024-05-06,1,3.5741936250773385
8f645b79-dd22-480b-b03f-1ce7f2fc03bb,17,94.79053434631983,58,2024-02-02,0,1.6066192262088106
e336390b-4319-42e5-a9ea-a69784d909c5,51,109.43786799551066,77,2024-08-13,1,1.403049589686034
c86f6f3b-3e34-439d-b412-1e9d7a3335be,8,22.48109831890382,74,2024-10-08,0,0.29974797758538424
43b39fed-f653-43c3-9f6f-f2c827ee788b,38,60.748089727295195,29,2024-02-29,1,2.024936324243173
846ea3a0-4c91-49b0-9241-cc1e17a9693c,9,133.15194630178064,23,2024-05-15,0,5.547997762574194
df6f93c1-0827-42f3-b16e-14135ee3446a,21,46.63251881192789,72,2024-07-07,0,0.638801627560656
f4574d8a-b199-4e4c-a99a-76112100f230,39,33.23803098624267,14,2024-06-02,0,2.215868732416178
bc5a9151-441a-42d0-b12d-9b93287cb3d9,32,89.77451529667147,77,2024-09-09,1,1.1509553243163009
486dc647-0d2b-44b1-808d-380bf6bb6a06,29,129.47757887750402,87,2024-07-11,0,1.4713361236080003
124f9d8d-1996-4e4e-8585-c9d4d9556873,56,187.74998165750344,33,2024-09-26,0,5.522058284044219
fbee192c-16a5-43d6-9c14-519ee0583415,10,86.44041043765638,29,2024-09-05,1,2.8813470145885463
1a222fae-3a38-4fd4-9fdf-de25a1d0d092,20,108.14494778205831,23,2024-05-20,0,4.506039490919096
4cb6e8e6-37af-48df-9c85-9984ac8afa78,45,122.39343635048682,89,2024-06-01,1,1.3599270705609647
bc5321c9-7c54-49cd-b41f-ab89a39245ca,12,114.88369869258075,16,2024-03-28,1,6.757864628975338
29e5c4d0-d4f0-4a09-8cc5-35fa692fcb7d,18,100.42442107800882,12,2024-02-01,0,7.72495546753914
ddff982b-9c94-4bfa-8df5-7463baf8c0f1,14,107.96954886224098,51,2024-06-24,1,2.076337478120019
cfd68efc-b570-4d0f-9157-1f36948ed0e9,18,55.15112578047104,32,2024-08-04,1,1.6712462357718498
92d40534-26e2-413b-8607-b9a6be1fb0bb,24,180.39535450982942,23,2024-01-19,0,7.516473104576225
462a8db5-ad64-49f0-8707-baf3af8f2ff4,19,57.40709685947254,20,2024-06-11,1,2.7336712790225017
f0949944-ec4f-4c03-b4dd-ebb6a4af42f6,34,90.41057730922562,49,2024-08-07,0,1.8082115461845123
1049a85f-4fd4-42b1-8cd6-02f45bb2dae6,43,139.33343510900957,56,2024-04-09,1,2.444446229982624
611ef15e-9d70-400f-9dfd-2937295d4c2f,19,135.7148898272599,9,2024-05-24,0,13.57148898272599
ab88171b-910d-4bc1-9d55-6b283bf13f10,39,43.58878540593848,85,2024-03-16,0,0.5068463419295172
91216f84-7265-4dfb-b08c-6c706d121035,8,25.28039450135696,29,2024-03-14,1,0.8426798167118986
af70bd1e-49d6-4aac-9d7d-64bb19895186,52,30.91037096736573,62,2024-08-21,0,0.4906408090058052
97e81601-76d9-455e-9760-d599e824d6c1,28,79.39627419901605,54,2024-02-03,1,1.4435686218002919
4ac62c10-edb6-4098-92d0-36a649f4fd4f,41,56.582851801446765,91,2024-08-22,1,0.6150309978418127
2913f2b6-ae2e-4979-9821-50c918bcfedc,54,121.46127700878692,97,2024-02-27,1,1.2394007858039482
c79fa339-f6e8-48de-a29b-fae84e398b98,1,113.91288833280004,2,2024-02-09,0,37.970962777600015
e78529ea-d204-426c-85fe-4189deff5164,58,98.60570915873113,22,2024-06-05,0,4.287204746031788
ab8b8ad4-4f79-490e-83de-f6aa7487d50a,6,64.88451240880218,32,2024-03-31,1,1.9661973457212782
0e698235-336a-45a0-9bef-dc46819f7026,38,13.051203129996011,40,2024-05-30,0,0.31832202756087835
f58baef2-ae06-45f7-8b2e-fb90af4f01d0,8,165.9157067897535,68,2024-07-14,1,2.404575460721065
baaebfe1-df54-4ba2-8dca-2a99ee39b160,40,188.05991883960868,27,2024-04-20,1,6.716425672843167
d62e8595-ea36-41c1-96fa-1a4fab2c1bac,20,77.3751745460336,90,2024-07-23,0,0.8502766433630067
bd2ca7e1-4bfc-4b76-bf41-3f6ed50ffbd2,7,28.896426961032375,55,2024-03-10,0,0.5160076243041496
68f90001-812b-4373-bc80-64283c59fa3f,33,182.70956640362175,80,2024-04-16,1,2.255673659303972
3861440f-8836-4030-a405-753a9b4f52c3,24,60.661663283084735,40,2024-03-30,1,1.4795527630020666
31279430-03ec-4e2e-9c91-28fd53b33a2e,5,27.997312115767777,5,2024-04-13,1,4.666218685961296
0f054122-79c2-475c-add1-25653362d475,46,41.71348794069216,5,2024-09-11,0,6.95224799011536
40fd41c7-2539-424e-926d-00501d2cf184,34,76.01489903417153,9,2024-01-01,0,7.6014899034171535
05cec2dc-52b8-4d06-be8d-7091dd232839,48,61.7688778892521,54,2024-05-25,0,1.123070507077311
5010f79a-d3bb-45a6-8fdc-680a4896d119,17,197.4301988108487,4,2024-07-26,0,39.48603976216974
7d2e5901-dad3-4bc2-b99b-d58b56676ccb,40,198.59179631000916,43,2024-03-12,1,4.5134499161365715
ef366b14-5649-450f-8fc9-5ae0d13d6905,5,171.98182978179665,66,2024-09-11,0,2.5668929818178605
da86ef6a-f68d-4659-b802-6e7e0640ef19,18,183.3945313190234,89,2024-10-11,0,2.0377170146558155
a11b77a8-2ddb-4be1-ac50-c5365b53eebb,34,117.2983478298373,26,2024-04-02,0,4.344383252956937
3ef04b8a-3c0a-4ec6-a9ff-95f7c5d05bbe,54,110.873353613999,84,2024-07-20,0,1.3043923954588117
2b4370cd-b669-4435-a64b-a1e401e268cc,48,68.2043807626468,42,2024-09-02,1,1.5861483898289954
57cafbbe-f1ad-4229-b88a-20d8a6545aa1,44,42.606982566433224,79,2024-09-04,0,0.5325872820804153
e9aea844-a9b8-43b0-a6c9-4cceb12ebc50,12,66.39857284645359,41,2024-04-20,1,1.5809184011060378
73df1476-599f-4401-9a30-ab566afd6a0a,23,170.98922094082351,8,2024-09-27,1,18.998802326758167
00e11dfd-dc12-4554-ab14-8a396a5c2598,42,101.27764697049963,9,2024-05-15,0,10.127764697049964
acff76c3-afb8-48d2-8803-7346d650bf98,27,74.33967371508959,19,2024-01-23,1,3.7169836857544793
f3939a22-757a-43b5-919f-9e598804678b,9,24.229460747288634,94,2024-07-15,0,0.2550469552346172
00f27a03-79c6-4cad-a3d2-a1d5a8c2a336,13,109.7441213113175,13,2024-02-24,1,7.83886580795125
09d6f734-fbc0-413b-a094-1b4c9c0354b8,59,122.39552309532709,99,2024-09-17,0,1.2239552309532709
bd54a51f-4305-41f9-b78f-821e9e1be97b,37,84.97908647269317,95,2024-08-18,1,0.8851988174238872
a384e661-822e-4e33-9f0b-0227a2713a9d,4,79.71658698633378,12,2024-01-07,1,6.132045152794906
d13fedb4-1026-4867-b23b-5773d362e873,8,132.9139894227394,40,2024-01-20,1,3.241804620066815
d635b21a-3fd4-4490-9c17-0dd062d7a7f0,33,76.95041556358954,10,2024-06-26,1,6.995492323962686
0d94d00a-b3c5-4b11-a49a-328a0edd3d45,14,178.03339206638125,11,2024-08-13,0,14.836116005531771
d7c9d90e-4fd0-43c0-a21c-da050640cdb7,22,102.61630725391412,21,2024-06-21,1,4.664377602450641
5b88a47c-de13-4228-bc9e-4491bbdca92a,41,14.361917697838038,2,2024-04-24,1,4.787305899279346
c6b60c14-4fc2-4996-af5d-ac01c665e6c8,10,189.77031000748724,40,2024-06-25,1,4.628544146524079
af9c1df6-f8e8-4369-ae41-ca52d4359e8c,57,193.10299480457064,44,2024-02-17,0,4.291177662323792
59ad6467-3c74-42f1-af19-c83ec4ffdf33,9,116.854773422425,37,2024-09-11,0,3.075125616379605
8ac5eb56-4ab1-4642-9544-4b12e6c0162d,38,182.20438010819035,10,2024-04-15,0,16.564034555290032
1d15f665-1e17-403e-9f13-a2d415c59595,10,183.74948666956956,41,2024-01-13,1,4.374987777846894
ef6d2652-6d1c-4b29-950d-a5ed1353e35d,46,101.92905953493872,19,2024-03-25,0,5.096452976746936
31c1d80d-ee90-4940-b419-7ffb4f443a2b,59,66.03999154078502,69,2024-01-18,1,0.9434284505826432
cce76c93-9273-4dbd-8683-ef5e450e88e1,49,56.633403723870586,63,2024-05-06,0,0.8848969331854779
498e2f29-e016-4f25-a8c2-7589c1fff7c7,42,194.2596880731504,66,2024-05-18,1,2.8993983294500056
1ea4a4ed-3d83-4f4f-b350-416d58608e2f,47,61.19646486377858,7,2024-08-22,0,7.6495581079723225
6e91c9ec-2b27-4b0a-ac39-eecbcd49e887,26,111.11024726852203,65,2024-02-20,0,1.6834885949776066
b9ab6691-260f-42dc-ac45-1b754da2e257,37,85.68783674839361,76,2024-02-20,0,1.1128290486804364
272d43f3-af1e-42af-b4cd-96b61a8bb34f,26,22.85860276837773,26,2024-05-05,1,0.8466149173473233
61e34b02-2cc9-479d-bf80-5e328326a011,17,137.82865721314602,60,2024-01-24,1,2.259486183822066
dcec2c8b-a8cc-447f-9f52-c2a42077b331,24,21.18849808023628,46,2024-04-26,0,0.4508191080901336
7538bb6a-f67f-45f6-9562-a5a26e881b32,41,34.48163273101687,87,2024-08-21,1,0.3918367355797372
16088585-1813-4c0e-9649-a4120da253d0,13,113.12330157821357,95,2024-08-03,1,1.178367724773058
bba9106e-8e64-4d71-b9e0-a31b473d112e,59,170.56071967969777,56,2024-09-18,0,2.992293327713996
36b489be-c110-4fdf-8489-c7d0caae1203,11,199.7268253720634,22,2024-07-10,0,8.68377501617667
f4194b95-0788-45b7-8ea7-eb2770f1d34b,7,180.27067797650363,31,2024-06-26,0,5.633458686765739
16d16697-f356-4036-80ad-ea284df4e870,55,67.5824769770334,86,2024-01-23,0,0.7768100801957861
ba3b79fe-02a5-4190-b0ff-c6d3e4a05083,24,36.784676600984746,31,2024-06-13,1,1.1495211437807733
913aa066-97e7-4cff-b896-2b0c9cd29355,59,21.84282175465757,90,2024-08-15,0,0.24003100829294033
df093f03-3bb5-4e86-be1d-0ab25e294738,4,88.58400796057008,69,2024-06-16,1,1.265485828008144
a62589f5-705a-40ec-9a56-058c21743f18,47,159.1888964942074,11,2024-06-11,1,13.265741374517283
1a735633-69d5-420e-ada9-d17f500d94e4,57,177.17927878871168,65,2024-01-27,1,2.6845345271016923
34c05cfd-805e-426f-9892-46fde8f513e2,22,26.19842389469021,69,2024-08-29,0,0.37426319849557443
a725e689-e27a-4d0e-8836-f7e17d40ca35,11,145.34920830676526,26,2024-10-10,1,5.383304011361677
0f65b9ac-0233-4ce8-8949-f5ff7dc5540c,2,127.56065278892892,10,2024-04-19,1,11.59642298081172
cf4ae59d-9488-494c-a27b-6a20ead20345,19,129.87590703728148,58,2024-02-25,1,2.2012865599539233
4212d78e-a6f4-4e01-be86-bf0e06596657,2,27.682756572507532,87,2024-07-07,0,0.3145767792330401
d6c1a277-d676-4eea-b8a2-e6dfb45f2019,45,97.51203401902644,46,2024-06-21,0,2.074724128064392
78b92179-d065-46c0-8a7a-4d5b5a7c7345,8,153.67577985724355,26,2024-07-25,1,5.69169555026828
04c1368a-e256-4014-bcfe-8a7bb30e56e3,27,93.33157904115703,46,2024-08-01,1,1.985778277471426
6189a495-3e02-480a-83cd-55b41ed4b773,25,128.18052508609918,47,2024-05-03,0,2.6704276059603997
a4bc571f-6fbd-49d8-8a3e-9ef37570578b,54,105.38647484295865,31,2024-06-18,1,3.2933273388424578
5a6458e6-092a-4123-8153-ae9676ab722c,25,56.67937245795292,86,2024-04-03,1,0.6514870397465853
2896a85b-b01e-4776-a80f-040f1819b95c,20,145.2614935477251,88,2024-09-02,0,1.6321516128957878
e33ac29d-2d3c-4c5a-92be-476f7049e4dd,26,194.22551461371592,19,2024-06-11,0,9.711275730685795
5ef13a5b-affa-40ac-ab5e-e16c515f1214,30,150.8746830887647,25,2024-05-15,0,5.80287242649095
dfe5a1fa-87ac-4e8b-9d64-dbd82d502f01,31,26.07608590739293,81,2024-07-05,1,0.3180010476511333
0069505c-9de0-4955-890e-50b90891e300,51,164.99426606221257,19,2024-06-14,1,8.249713303110628
95879d40-40d2-42bb-b949-8e3a767e42dc,47,138.9401740793577,47,2024-03-29,0,2.8945869599866185
4a13591f-1f4a-4174-b2e6-c9eed852d5dd,28,10.677091815483813,63,2024-07-30,0,0.16682955961693458
67050920-0e97-435c-8993-37e858f69a0a,41,166.0385232700512,76,2024-06-30,1,2.156344458052613
cb94ed67-ac8d-4736-970e-2da7f912cf6f,41,43.20207828192764,51,2024-08-26,0,0.8308091977293777
908a7f6d-c92d-4cf3-9af5-cbfd4cbcbb12,58,167.64325776365763,58,2024-01-07,0,2.84141114853657
7352d9b8-1f68-4fe3-80d7-8ccc2b19c1ae,7,147.99209021513383,93,2024-08-26,0,1.5743839384588705
1a132e5d-125c-477e-9006-970473aa6396,57,40.02803017873339,27,2024-02-03,0,1.4295725063833353
682bee16-35d2-40fe-8fdb-466070f316e9,52,120.4847912739498,29,2024-09-22,1,4.01615970913166
cbce1cb6-b615-4118-af9c-fa33ffcaef07,50,139.90500543099282,95,2024-03-31,1,1.457343806572842
4c792e37-2658-4eb7-b78c-49b37082ae84,13,27.708799456627776,7,2024-05-09,0,3.463599932078472
8c5f581f-8e80-4598-93ed-96c06ee6f943,53,17.74147479107829,16,2024-08-20,0,1.043616164181076
012d10bb-f59b-44ac-9bef-8521b0b9cdfd,39,114.55358795591711,52,2024-07-20,1,2.161388451998436
204d00c6-b0d5-4b86-99f0-51d0ef17a532,13,146.46548204097283,97,2024-02-24,1,1.4945457351119678
95159eda-ba8c-4deb-be86-667ab7968dc3,40,183.32099935649978,52,2024-03-09,1,3.4588867803113166
cd26b501-b86a-4d22-9238-b2e8521c3cfe,18,50.86724415721789,79,2024-06-15,0,0.6358405519652236
aef554af-6f96-48d2-b644-674a4012ab72,19,35.36311339493848,11,2024-01-14,0,2.946926116244873
cecc7f09-4a60-4806-a683-d1a948bb40c4,47,72.72105386253713,27,2024-04-18,1,2.597180495090612
1a805774-e899-4010-bbdf-087c07be43a7,9,83.62379927899738,74,2024-07-08,1,1.1149839903866317
818de7ec-f9d0-4447-be36-38382d929e1e,51,136.24210179848873,76,2024-10-07,1,1.7693779454349186
dd06b67b-4b5b-4dad-98e5-bb4fc929bd8a,4,84.72177595272701,96,2024-09-10,0,0.8734203706466702
d60d8dea-0ec6-4093-886a-92f06a42739b,35,139.23289570546825,84,2024-08-13,0,1.638034067123156
94d8d1be-1dbd-40b1-ae7a-cad72cecfb28,30,17.206565621298388,40,2024-04-22,0,0.41967233222678996
0b218eda-9252-45c4-aae3-f53f43232325,52,39.064287835291275,12,2024-09-10,0,3.004945218099329
022e0430-14b2-4e39-ab58-490c5a1d0a31,27,124.85171926154337,23,2024-03-08,1,5.202154969230974
1bcc5c88-b66a-462e-b245-d68ad2a730a6,1,24.681333418314466,62,2024-03-06,0,0.39176719711610264
f417fcdc-ad6d-4e99-9080-08f59409b3da,30,99.84742697043573,28,2024-06-03,0,3.443014723118474
93c959f4-e163-46b3-a9d3-041341bead6b,31,69.51346534930859,34,2024-02-17,1,1.9860990099802454
7e5cb8e6-b892-439e-a2a7-270dde764e88,14,79.00450247975971,72,2024-07-31,0,1.0822534586268453
960d2db7-6b05-470b-8ec2-c6a4ed48783f,22,112.6804844661105,53,2024-08-26,1,2.0866756382613056
40762903-c3ba-4217-b253-c2610b865a7c,53,127.62073135975513,83,2024-04-20,0,1.5192944209494659
c02961dd-5ce9-42cb-850d-1265e522487e,14,176.8802243582046,68,2024-01-08,0,2.5634815124377477
0ffde2a1-c9aa-44b7-bc62-a76554d1eea2,8,80.76852389768297,95,2024-01-02,1,0.8413387906008643
6eaa5a9a-b557-43be-97bf-7da752c1cda8,6,183.68985902453096,30,2024-05-25,1,5.925479323371967
fd6d32a1-c152-4755-893e-bce7591b4376,24,42.83805000230859,41,2024-05-16,0,1.019953571483538
a07aadfe-4e6a-466b-8f67-73fc47e3fbe1,25,26.440252272498576,60,2024-03-23,1,0.4334467585655504
026b8116-dbb9-4dbf-af50-c26ac58d1844,38,36.94182554096545,57,2024-08-08,0,0.6369280265683699
ce3c64f0-8464-4ecd-8437-80cf75ce59b3,57,171.57967724297077,32,2024-08-12,1,5.199384158877902
ad7f125a-e8b8-477e-8936-8fdc4925642f,41,142.27796386951124,23,2024-05-03,1,5.928248494562968
92adfa4d-a60a-45d3-90e3-b5c50325bffd,40,33.91337328204681,38,2024-09-27,0,0.8695736738986363
73eff72a-3bd0-4f13-8cc2-0600cf9049a3,55,105.77812319173222,76,2024-04-19,0,1.373741859632886
1304b91b-fb26-4253-b0cd-9a08136c0bd6,21,11.01968713497868,37,2024-03-15,0,0.28999176670996524
402bc58f-50cc-47ed-afee-60ad314c35bc,35,51.51024717836362,5,2024-09-07,0,8.585041196393936
9ab5d7b0-4dcd-4495-bd82-4ca2c92bea6f,59,20.16757581521552,98,2024-02-03,1,0.203712887022379
73f48afb-d68b-47a4-bbfd-96a5c77e5e52,43,89.89787184344641,66,2024-07-26,0,1.3417592812454688
584761f8-8b30-44fb-b6e1-f641f603b8bb,45,159.27692358712898,32,2024-08-07,1,4.826573442034212
b7026a3d-66b8-43d1-bdf1-6a077a45e9bb,56,176.53054661259566,37,2024-06-15,1,4.645540700331464
98bc58cc-20c9-4764-b20e-89bbb3489bcf,48,110.34309347023209,80,2024-04-19,0,1.3622604132127418
e20327f6-9869-4fd6-abe8-e1cd5330fcb2,31,116.81715621576859,5,2024-09-23,0,19.469526035961433
de6fc896-795a-4b0e-8516-c7f529129c66,20,84.05222856687396,70,2024-06-03,1,1.183834205167239
f00d2856-652b-4b64-a516-2f41b0811dbe,46,109.10708485701747,30,2024-06-26,0,3.5195833824844347
33a9ebd5-c1b3-4f45-a8fe-cf69540ee442,4,83.78152834213608,58,2024-10-01,0,1.4200259041040015
b2519f9e-6891-4071-8479-e6efd925d7bd,57,11.911482277175633,60,2024-07-20,0,0.1952702012651743
fcbd7611-6e3b-4f60-87ad-bddb4baa616a,46,158.02056412551772,64,2024-09-04,1,2.431085601931042
9feca253-6759-4445-ad45-b3e63eedf232,51,127.3813182809662,92,2024-03-01,1,1.3696915944189914
3ac5f78d-6495-4c16-9cad-c43308a2c91d,55,93.31250526169191,25,2024-08-08,0,3.5889425100650736
f1b8693b-d629-404d-b5c4-5ba53659e533,46,148.34598984555322,3,2024-01-11,1,37.086497461388305
3884a948-9c28-4f8a-9474-e2a50c047200,44,130.9290205782664,11,2024-04-13,0,10.910751714855534
fa38cbda-a0ce-4bb8-a4bd-fa82a55cf39a,43,67.95077057255133,45,2024-09-25,1,1.4771906646206812
340727a5-da87-475d-a213-f11f8735a5c7,14,163.21455234424937,48,2024-05-04,0,3.3309092315152933
e4fb3b9d-99cd-4f9d-878e-35cf7dd106ab,4,41.69348677320953,31,2024-03-17,1,1.3029214616627978
77882565-6919-46a6-9335-7b6e557022b5,35,120.38023375133292,60,2024-05-18,0,1.973446454939884
86a8d6ef-ccc7-4024-bf55-6d40dd4ba732,22,51.52695355292585,83,2024-01-31,0,0.6134161137253078
a22ffda9-0844-4f11-ad3a-d4eda009b7a0,9,175.4158120517416,98,2024-06-12,1,1.7718768894115313
7599b2a8-8e9d-4950-be5a-5b138047ac9a,12,20.724106025342632,98,2024-04-24,1,0.20933440429639022
de4a74c9-ebcb-41fa-960a-6f9bb946052b,59,93.26357118915199,29,2024-02-15,0,3.108785706305066
a49a44ae-159e-4988-87b7-d39699a4e4fb,20,95.191037353332,3,2024-07-19,0,23.797759338333
aad99f9b-2ab7-4c09-bc8c-d4eb3d626b30,47,188.58765099569632,53,2024-01-25,1,3.4923639073277095
583c855e-928a-4a63-842b-23b3fe15406d,8,83.07341298902107,8,2024-09-09,0,9.230379221002341
6660b288-62c7-4b9e-9396-4172c01de78d,13,159.64713027063752,9,2024-08-01,0,15.964713027063752
b0223fe2-45a0-4604-9df9-920c4c197ae3,39,89.85348260581917,63,2024-05-28,1,1.4039606657159245
72395e82-319d-45d7-82e8-771967d2e5c6,20,119.54464183933295,83,2024-03-11,1,1.423150498087297
3cdb55b6-000f-4687-8286-fcf083cc01b1,12,176.50793430854446,58,2024-08-20,1,2.991659903534652
d7ac1ef9-7188-4485-837a-6ca8217604b1,40,61.52754596064141,67,2024-09-30,1,0.9048168523623737
dfc47202-6e7f-43c3-aa9d-3d41bb163f6c,45,12.990745091614405,11,2024-08-16,0,1.082562090967867
d88ae53c-0360-4aed-9fec-4de14048fe6b,3,18.953447452151572,99,2024-07-12,1,0.18953447452151573
05a5b5b0-9182-439b-a621-228691a643bc,55,90.67769243389104,51,2024-04-07,1,1.7438017775748276
9cd5fbce-30c7-4a1b-a588-83ea915e69e1,50,150.00456331523304,96,2024-01-17,0,1.5464387970642581
f208d053-454a-49c2-b8b2-e5bea04a0bd8,33,89.32557565031115,82,2024-02-11,0,1.076211754823026
42375184-9355-49fb-b247-edb4a2ce015d,5,192.60716473198468,87,2024-07-16,1,2.1887177810452805
f3b4ec8e-4424-4097-a951-1132fff1fd80,36,118.56532605255207,56,2024-03-16,0,2.0800934395184574
b177657b-9906-4f61-96bf-829bc61a1432,18,51.850116559256634,59,2024-02-07,0,0.8641686093209439
23ebfeaa-872e-47ee-8309-7b4be22d128e,9,16.840592363456558,79,2024-04-20,0,0.210507404543207
6ef95a4d-c6d9-48ee-8c36-e93dccf10f84,54,54.45893291015967,13,2024-04-08,1,3.8899237792971193
1626c8a6-e276-4dbe-bc39-9f5747dc73a5,21,38.6834037115951,31,2024-09-13,1,1.2088563659873468
39ce7b5f-dbae-4c15-969d-99f26e745f81,24,196.46626647194248,40,2024-09-02,1,4.7918601578522555
fe8af5eb-d9c1-4291-aff9-1ab01e1f774c,4,176.15116797668156,54,2024-09-12,0,3.2027485086669376
99863c16-1eca-4b3a-8214-2ae96a9e449f,36,10.400744230133402,22,2024-04-22,0,0.4522062708753653
e8fa6649-e5c1-4d25-acf0-efdaee49b269,33,18.62351880154489,42,2024-09-09,1,0.4331050884080207
9fe39bf6-98d8-4714-8a53-9e63b293a23c,40,97.68868442757285,50,2024-08-09,1,1.9154644005406443
17d43a62-e658-4117-ad25-d03446de07fe,22,95.58573687937488,46,2024-08-26,1,2.033739082539891
46e40858-e137-414b-8653-865cf4ffc47b,15,129.7060635626113,73,2024-01-21,1,1.7527846427379905
d17b31e7-68db-4288-873c-78ea1ae070cd,34,151.10976168163398,8,2024-01-25,1,16.789973520181555
3e23a361-7fb9-4f64-81fc-cb8a1381a5e0,29,68.90339236899003,21,2024-04-24,1,3.1319723804086377
267e5495-ee73-4f46-84fa-65d122f6d080,52,137.54434921126574,16,2024-04-23,1,8.090844071250926
581fde37-9658-40bf-b00e-b114478c5c7b,56,79.31978511942901,1,2024-06-25,1,39.65989255971451
d8455ce8-2ea3-4c22-be2a-aaa69d378b0f,30,82.0927476292145,76,2024-05-31,0,1.0661395796001882
db71e97d-8d81-4ec6-8d7f-8a7a99904cc5,48,169.43404603204226,46,2024-07-25,1,3.60497970280941
9285d15d-72b6-4ba5-a70d-c9f2513fc0f9,58,184.82991119924128,42,2024-02-16,1,4.298370027889332
4b8b6b14-2392-4066-bd8b-c9abeb248824,12,61.83012904603431,69,2024-09-09,1,0.8832875578004901
a782ffe9-b3eb-4bc1-8be6-8ff791317473,58,192.94607950610202,61,2024-01-26,1,3.112033540421
24dfec5f-ff45-4c49-a018-936f9313be69,8,159.81970493585683,88,2024-05-07,0,1.7957270217512005
4caf4f0f-630a-4b2b-a63e-670beba7db7d,24,109.7542868628398,78,2024-03-29,0,1.3892947704156937
8c4bd009-9859-4e49-8215-9fd2a4f9ec72,27,93.17820655025739,50,2024-06-07,0,1.827023657848184
0dcd7c01-8df3-4b28-9438-d6c604d66d2e,36,148.49309496966816,53,2024-05-04,0,2.749872129067929
08989107-318c-44bf-b026-62709457dbf4,20,14.633299332032236,27,2024-09-04,0,0.5226178332868655
ebb30be7-2a46-400a-8724-60ff51da0b5f,17,31.145755160942432,28,2024-10-05,0,1.073991557273877
ef0be5f4-9346-4a64-a891-7f2f81d3bacd,4,65.36372782348764,61,2024-06-01,1,1.0542536745723812
5a0d5e37-3069-4e80-8a35-79389029b6ab,30,188.49137658276337,90,2024-04-10,0,2.0713338086017954
b6c938a7-e391-4cae-ac00-82091d552316,40,128.82059639203712,71,2024-03-07,0,1.7891749498894045
83aaa6c8-c763-4d92-8364-bec966989861,6,69.36920790770674,92,2024-01-22,0,0.7459054613731907
b52590cc-03bb-434d-ba17-82ad0b7ecf0b,6,71.21007062733989,45,2024-10-07,0,1.5480450136378237
0c8d711c-7af1-42be-9e47-49525653ba5a,50,109.48929155489121,57,2024-05-22,0,1.887746406118814
4778a338-f2c4-47d3-917b-11cad71ddf9b,18,164.71625751438484,11,2024-04-04,1,13.726354792865402
af4a6ef7-f482-43cf-bc0f-111ca8d4a5d6,32,91.48863035621537,18,2024-09-17,1,4.815191071379756
2fbacf2d-985a-4497-82d4-678d744670d7,23,75.54344227035116,43,2024-05-09,0,1.7168964152352537
d415dadc-9642-4535-bf02-911ca3735926,42,66.60158754505764,73,2024-07-12,1,0.9000214533115898
c837576a-543c-4faa-806b-4b4bcd917ffd,39,158.3591862602291,51,2024-04-24,1,3.0453689665428674
5ab877bc-08b1-4798-b397-56bb854aa459,25,150.36249883304336,87,2024-03-17,0,1.7086647594664017
aeafd2c4-b112-4b91-bd00-5b48da70d281,46,155.75875134457445,14,2024-08-12,1,10.383916756304963
bc0c1ebc-f0b3-478a-a493-3593237af3e3,42,88.76741598088222,75,2024-05-28,0,1.167992315537924
691b156d-625c-4027-915b-039a436bd861,31,111.71747736287075,80,2024-03-07,0,1.379228115590997
cbd77fbb-3744-4c96-addf-71e6f384b407,41,145.01666696888995,20,2024-09-01,0,6.905555569947141
7cbacfd4-1b08-4026-843d-ae700b60bb3f,7,192.39583024043395,72,2024-01-31,1,2.635559318362109
27aecea9-84a2-44a7-9f20-a5f25d12b610,23,44.73320730022283,57,2024-09-17,0,0.7712621948314281
23be1f73-f04c-4666-b6d1-5354da269f92,14,21.853598295500582,96,2024-01-14,0,0.2252948277886658
32dde6e4-4ad4-4451-8c0f-90432e2a0a66,49,160.12035596555248,42,2024-09-12,0,3.7237292085012204
c2426d87-ca35-4d32-932a-625be79c3017,13,177.91329913226946,89,2024-07-01,1,1.976814434802994
ee5c8e43-538b-469a-af9a-1dc169dbfcf5,28,154.36626216895314,81,2024-09-20,1,1.8825153923043065
7891e3c9-8c04-4d10-8d4a-dbf0710c13e3,28,175.32832293330864,52,2024-05-05,0,3.308081564779408
80fce083-a119-4946-b7a2-84326e17230e,43,18.28450359925958,49,2024-06-06,1,0.3656900719851916
fafe48f6-6826-4b70-962b-d51acfa9b4cc,53,11.307581688496413,6,2024-09-23,1,1.6153688126423447
12d68e7d-186d-4b47-a7c7-91f920f9b11c,20,183.1394632601962,16,2024-04-30,1,10.772909603540953
3ede0d33-a714-4e9c-a3cb-814dd4b62493,24,33.00407058027399,76,2024-03-04,0,0.42862429325031154
930cce86-68ad-4959-87a1-2de14510660b,28,165.06333396054995,24,2024-09-15,1,6.602533358421998
447b91ac-5320-4148-bc23-012984863772,49,164.62977278844338,32,2024-04-16,1,4.988780993589193
e5209944-e7b6-4f5c-9694-f91eef24dbd3,1,180.3127769737049,43,2024-08-17,0,4.098017658493293
93fd50db-be89-45d5-a72c-7d56c31d8c3c,40,136.82181832648865,40,2024-03-10,0,3.3371175201582597
818e6084-bf4e-479c-ac03-af9c363ba829,3,93.18020894695874,12,2024-02-15,0,7.167708380535288
7dbefa64-34d4-465b-8162-e1c9dabe00ea,14,188.49821689347914,50,2024-07-21,1,3.696043468499591
d0c9974f-4cae-4606-89ea-f696ebc5108b,59,16.18078992883938,37,2024-01-16,0,0.42581026128524685
38fd59d1-09e0-43b8-927a-f9c819c49a04,2,50.103036932268175,26,2024-01-16,0,1.8556680345284509
336d71a7-acf9-4cfb-9a37-aabbc89858cc,14,31.77933774916357,83,2024-02-13,1,0.3783254493948044
78590096-1598-4a1c-afc4-3d6b2ad35c25,14,177.56372569586702,97,2024-07-23,1,1.8118747519986431
25c2b662-b3ca-4c62-be42-89e66ec48502,49,42.59013447100775,64,2024-02-07,0,0.6552328380155039
5b7f5f40-3c0b-4070-94a6-37a24d7a9e2f,23,17.4055905356916,67,2024-08-20,0,0.2559645667013471
5b8c46c7-a055-4b71-b58b-d172e14a0857,53,159.61556400626418,81,2024-08-02,0,1.9465312683690754
497d0b42-08d7-47c9-a8e9-dadef5a3a8b7,12,10.717529056816186,34,2024-05-21,0,0.3062151159090339
12db1b20-abf8-4442-82ae-c5ad5d1a5665,10,125.96175702193472,33,2024-09-17,0,3.704757559468668
f24ead38-4e6f-40d0-a6ad-ef190d9b8920,49,160.3641556045478,7,2024-04-12,0,20.045519450568474
724812ec-4ef4-4905-b98d-577b33db6174,1,99.39332850619485,40,2024-06-07,1,2.4242275245413376
57790622-3c94-4d99-b7c1-bd97591e7800,35,36.93978945562678,27,2024-06-05,0,1.3192781948438135
31404db5-08b9-46a1-a0c1-64e1151dfb1f,39,102.11481196712893,70,2024-05-12,1,1.4382367882694216
eaefe3fb-be3e-4c9f-b78f-c9ea8c420a95,57,188.0268620979277,87,2024-05-20,1,2.1366688874764512
558ae6be-1362-444a-a9b2-5ee3cd06ab79,7,101.11276217046627,90,2024-09-04,0,1.1111292546205085
11550f2a-aa0f-44be-aff5-f60cd1a59258,5,89.38425892903112,53,2024-01-06,0,1.655264054241317
fc5be501-7d79-4a42-9dfe-64e2037706a0,41,189.09087986115233,58,2024-01-26,1,3.204930167138175
f43d534f-25f3-4b25-b4ec-7fcedaf5bece,57,116.9029525929151,63,2024-08-07,1,1.8266086342642984
e9b4656b-99bf-4743-ac09-0249568699a3,25,178.84762591767222,92,2024-03-19,0,1.923092751802927
df073791-a20d-4497-b2ed-7b6ee7d949fd,10,132.368448663621,1,2024-10-09,1,66.1842243318105
edb72e28-cbc3-4eaa-9018-3713bf8e58cf,20,92.87605963017583,83,2024-02-10,0,1.1056673765497123
8776b7c1-3d4b-4c47-a243-eb9871706934,43,37.43355401192686,9,2024-08-08,1,3.743355401192686
e60f915d-a017-45db-92b1-c165b9c3ba35,50,39.47653769572284,95,2024-05-28,1,0.41121393433044623
f20d3610-0e8b-47cc-adcf-9d159a09ba3f,13,131.95198399196198,95,2024-08-08,1,1.374499833249604
89c610a3-04ab-4012-99ea-f3c35399b6a6,55,178.93131421083655,97,2024-02-20,0,1.825829736845271
871aa09e-d3e6-4f66-88d3-fee9a261938e,44,103.47390179035828,74,2024-01-19,0,1.3796520238714438
012fcc71-d078-4296-868d-f639eed2a495,51,158.8041110044352,48,2024-04-03,0,3.2409002245803107
737e7522-6c1f-40a1-9937-351bb8ee6df6,29,91.45587859677497,84,2024-02-09,0,1.0759515129032349
c188985e-1610-4930-81a4-8faf9f342e88,55,11.40122558390758,55,2024-02-28,1,0.20359331399834965
433fa300-9084-4734-b340-7282639604f0,52,167.41306341243816,12,2024-03-06,1,12.877927954802935
42ccb72c-4e22-4c28-93ba-7628d7599526,41,192.27904104620202,81,2024-07-09,0,2.344866354221976
893f9afb-c571-475d-a78c-f7d9f37a7072,55,50.199229493647024,88,2024-02-09,0,0.5640362864454722
f65908d0-5496-4aef-b6f3-be2fe48867b7,7,176.3525933697737,87,2024-02-07,1,2.0040067428383375
94de588a-1e8a-47ef-8f92-26c7bae95c22,40,101.41750969788941,7,2024-03-28,0,12.677188712236177
f86fad2d-17cd-4837-97a0-fa9f29fb17e3,7,12.132087382468168,40,2024-02-24,1,0.29590457030410167
41fe4382-782f-4d1e-9d98-56423529098e,58,169.6225230999305,81,2024-01-22,1,2.0685673548772012
80065a30-20c0-4d42-80e6-79d8291dd574,16,193.8508635049457,57,2024-04-28,1,3.34225626732665
5e7183ee-5030-41c7-b287-8b5f0d76771f,38,140.08209987180925,20,2024-04-07,0,6.670576184371869
67bc51bf-fe77-4af2-be78-54080bce1ddb,16,137.55574581890224,61,2024-04-09,1,2.2186410615951973
f21926ba-73b6-4663-ac66-d3bf697dd6cd,19,117.29429936685031,65,2024-10-13,1,1.7771863540431865
8e0ff459-ab49-44b5-a0f6-e61386f5c3af,25,42.15966003361823,71,2024-01-15,1,0.5855508338002532
f1a9bf54-5999-4590-8ebf-2bb3b9f3b0c2,5,114.87376619991966,27,2024-09-06,1,4.102634507139988
18c9cd15-b321-4ff8-818a-88761721ad4b,34,59.30563952269235,46,2024-03-21,1,1.2618221175040927
9ab7a3de-966a-40ca-b887-477097a2f512,1,174.83513225012481,81,2024-09-22,1,2.1321357591478636
b67693e8-ce58-4179-ae8a-3e40f4ca8571,55,104.20374214411761,4,2024-01-14,1,20.840748428823524
4befe11c-59c2-4ff7-9573-8941f4d9d9d2,33,88.70616102996235,82,2024-10-01,0,1.0687489280718354
625b5506-6165-4cbb-a665-eab463fc3267,2,44.108009382449175,18,2024-05-09,0,2.321474178023641
a219e2a2-0a9d-4f30-91de-468612657d50,30,54.253165272573426,49,2024-09-17,0,1.0850633054514685
a9af3bc5-23ea-4ed5-8766-ae8eaa3a5629,43,187.8216480881012,52,2024-08-17,1,3.5438046809075696
ccafc40d-5317-4295-8d04-b1a80315d1a0,26,86.50338390295725,70,2024-01-06,1,1.2183575197599612
96d056fe-1581-48d0-b305-1858b8cee0d8,4,141.72630731767228,26,2024-01-03,0,5.249122493247121
4a1bf986-eba9-4a5f-8dbb-d3eda39b9dbd,20,34.622270774361155,62,2024-02-20,0,0.5495598535612882
8a6bd0e0-a2d7-49c1-97ea-e192035beae1,48,54.20958743449158,63,2024-04-02,0,0.847024803663931
f6de23ff-c0ec-4301-a91c-7b559fc88e61,6,59.57014053116745,73,2024-08-23,1,0.8050018990698304
6319fab2-434e-4c7c-976c-604d01a68b35,47,165.988238713451,21,2024-01-30,1,7.544919941520501
ee3d0129-469b-47b2-bfc5-0dd61760c9b3,29,191.32485146699065,58,2024-03-25,0,3.2427940926608585
abffb30a-34d7-4996-bfe2-d0ec89184806,56,197.21978510977257,65,2024-02-03,0,2.9881785622692814
e201e1c2-a815-4315-b8d3-01d4cdf0204d,39,15.04843407952147,77,2024-05-06,0,0.19292864204514706
fbae9153-fc71-4370-83fb-2d514752b4a9,27,118.44134113770731,42,2024-06-09,1,2.75444979390017
72d73ca2-bc85-4ada-a74e-94657c813f3e,16,117.59704561434927,13,2024-03-08,1,8.39978897245352
0ea6e60e-6c55-4a5f-be3c-1876c354d6e2,54,148.29779714550463,40,2024-01-26,0,3.617019442573284
a6bfc282-87c6-481e-9aa8-f5a879241183,8,16.26582142817093,66,2024-06-05,1,0.24277345415180493
07db0f3d-6943-4d71-9938-31c38d12c7b2,51,180.24884185301494,80,2024-10-03,1,2.2252943438643817
36d3249d-6b37-4811-9946-671e0e20f104,8,40.259762546414095,31,2024-07-15,0,1.2581175795754405
0d7301ee-a92c-4424-885f-d744caed274d,47,19.0005251910113,77,2024-03-29,0,0.24359647680783716
5231b6cc-aed8-4faf-9246-71c85536625a,36,198.97202160110055,5,2024-05-29,0,33.162003600183425
16e3b593-3fca-447a-af23-b8149ba7ca59,54,59.814826955162324,61,2024-07-05,0,0.96475527347036
6e162d71-2e6e-4ef3-869f-fccbdc98b45c,39,137.44441374924244,81,2024-06-10,0,1.6761513871858835
a6f75b6c-0bae-4d5b-9ffb-6528bd76c5cb,17,78.5038230586018,11,2024-09-20,0,6.541985254883483
aa2ebd8a-46de-4c04-88da-e80795a65ee9,31,150.83191860643663,83,2024-06-06,0,1.7956180786480551
f8f8aedc-c109-43d6-bee4-f6a023622d4a,39,160.98704425759522,37,2024-02-02,1,4.236501164673558
97927ec7-63df-4ab5-b4cb-7eb0b1d8f575,16,73.68902403149303,41,2024-08-05,1,1.7545005721784055
84e2aacc-ad1b-4a9a-bd52-9a4a863afa15,22,126.8394023062369,42,2024-03-14,1,2.9497535420055097
1540f105-f8b6-4a87-ae5f-32cb63c044b1,48,152.0831097091651,85,2024-06-28,0,1.7684082524321523
11744ada-3f14-4e2f-adeb-ad6fe2a3e2cb,18,154.98238541812597,1,2024-06-27,0,77.49119270906299
355ea473-ad0c-4817-aec6-e22a2f415fdf,40,67.90838412097017,23,2024-05-01,1,2.8295160050404236
ce89d273-d70d-494b-bf2f-83e173a3682b,40,28.823090884514748,76,2024-09-11,0,0.37432585564304865
7fe26fe9-318f-41ec-b26d-6eb143672194,24,152.89467667033955,74,2024-05-10,0,2.0385956889378605
1e9534b1-8a9c-4b10-be85-b07eba43a4db,58,146.7103382784244,60,2024-08-13,0,2.4050875127610554
9be87cc2-04e0-4bf7-9a37-35d3dd6910cb,5,146.70622104750012,73,2024-04-07,1,1.9825165006418934
faf4d5c0-ba9a-4252-a715-4859f6cc5d9e,43,39.96095116338445,42,2024-04-29,0,0.9293244456601035
13602f4e-cf27-4476-81cc-eccf0661f56d,37,162.2013835874495,64,2024-02-03,1,2.495405901345377
096c6207-fbf5-4961-b67d-0cfecd73c735,30,199.01154314220076,45,2024-05-26,0,4.326337894395669
a2ceac8a-ef72-4430-ba3d-2f1cb5c1e70e,51,110.15358455182975,28,2024-05-24,1,3.798399467304474
e1ed6f32-cac3-43ec-9e5f-c6582a8e9ce9,5,195.49695326267292,23,2024-04-01,0,8.145706385944704
1a3e2261-4d9e-4ad3-8fb2-2f0f899af2ab,48,126.42106394545583,81,2024-07-04,1,1.541720292017754
2f46d9b8-5849-41e1-8365-e17a1d4f3271,55,179.2859540197367,41,2024-02-19,0,4.268713190946111
fb4be716-2cc9-4cab-a4f2-4e44f429e194,45,126.69280847425378,5,2024-02-05,0,21.115468079042298
c51785ef-bc6f-4fa6-ae78-0294326998c8,4,132.3521219912655,95,2024-03-06,1,1.3786679374090156
d3c206fc-8f5e-42d1-979e-82d79e91978c,54,187.6771478039463,68,2024-04-17,1,2.7199586638253086
756e9ef3-3cd7-49f8-b212-c5e7133206d5,46,156.7956222675929,77,2024-07-17,1,2.0102002854819605
9a4f44fd-a3d7-47cc-b1fd-3ca8ff08e938,8,65.61880470434093,41,2024-02-18,1,1.5623524929604984
69c25b51-9320-4919-9f1a-a3ee765475ff,40,70.28488165816248,56,2024-09-21,0,1.2330680992660084
baa33b8f-1532-4dc0-92d4-d71bee300f29,20,37.8754074188748,45,2024-06-14,1,0.8233784221494522
01c5a767-9cf4-442e-93a4-0c238d18b5f1,48,178.0344206149299,64,2024-05-29,1,2.7389910863835367
e12fddae-c8b0-4ff1-96a6-e7d108f2e078,18,76.4229017576292,32,2024-07-09,1,2.3158455078069458
61da50f7-ec3c-448b-8376-925501852cf4,38,47.14352103365145,41,2024-09-16,0,1.1224647865155108
86f60b41-b067-46d0-a9e7-15c76a046235,51,124.44897525423121,31,2024-08-10,1,3.8890304766947255
01f0cfea-987f-4f40-a500-d5add19e14b6,5,152.39484018297196,30,2024-04-07,0,4.915962586547483
8f8f03f9-2b5e-4880-a263-330465b83d2b,5,30.898163778754856,83,2024-07-19,0,0.36783528308041497
bb7a64da-a647-43b5-8899-4d27b9305638,19,99.62119819953229,77,2024-02-08,1,1.2771948487119524
ff267388-ba9f-460d-a640-3b8027fbf776,2,32.32245076319138,28,2024-06-25,0,1.1145672676962544
79bac2a3-2e08-4d01-9985-809f8d51b327,48,74.36775139523795,63,2024-05-10,0,1.161996115550593
8f0fc237-204f-4578-8235-676212f31eee,18,78.37066126425522,65,2024-05-02,1,1.1874342615796245
25ed9690-e13c-44d9-a268-9267bbe71ffb,47,141.70263389394367,61,2024-09-13,0,2.2855263531281236
fce2d539-bcb5-4104-a751-baa3c9806e8c,51,162.76600189307985,24,2024-02-23,1,6.5106400757231935
a6024ac9-2f2a-46e7-b921-b418cab108bb,37,176.5465966968836,68,2024-03-26,1,2.558646328940342
28e6b918-5d88-4098-a97e-6fa51db49010,56,116.28260397472391,33,2024-03-30,1,3.42007658749188
e2b3421b-bf9d-4f32-bdbc-9b4c7c2e9a5a,24,25.379918700918168,93,2024-07-13,1,0.2699991351161507
f7830064-bd67-465e-a0fc-5cc7210be490,18,35.29549321121046,21,2024-06-06,0,1.6043406005095664
4346d941-0433-4141-a439-bcd92e0f8c6f,39,152.44354049011403,15,2024-09-25,0,9.527721280632127
a786f662-233f-47ea-b97a-2825619c66ba,52,120.96386378997406,20,2024-06-03,1,5.760183989998764
347d8f06-d721-4652-90ad-ac332f791a6f,41,40.919537222550886,39,2024-09-04,1,1.0229884305637722
de3d362c-f355-42b0-8b64-b129597189d3,11,43.72764084743456,99,2024-04-16,1,0.43727640847434557
22c1edfb-f7d1-4601-a1de-e2e3a0e616c8,28,51.619234311577486,99,2024-06-17,0,0.5161923431157749
5dcb67fa-3b84-4022-be6a-af37f4aecba0,1,61.16240867474558,52,2024-05-27,1,1.1540077108442561
e0c9cf5a-4829-4c10-9084-9687f5569fe4,7,136.22361534148092,20,2024-04-11,0,6.4868388257848055
5de55830-86e6-4be3-bdc3-4bf6840a230f,10,149.33333514529085,23,2024-08-25,1,6.222222297720452
4ac890ab-e8ec-434d-95d3-8d2fed1ce607,5,64.79452713065716,99,2024-06-24,0,0.6479452713065715
fd1a0a4e-ae1a-4800-8587-0ae6bc45b2f7,30,138.82862306148016,60,2024-06-07,1,2.2758790665816417
d054c6d3-946b-4f0a-ac51-10e226cd8c51,36,34.36761146295421,93,2024-01-04,0,0.36561288790376817
f5def8fd-d590-434f-a4dd-263649c2cc5f,45,182.86331900319874,90,2024-07-25,0,2.009487022013173
59c03bdc-f2a7-43e5-b215-61110a8112e2,8,92.22874369596373,45,2024-04-18,0,2.0049726890426895
868463cb-ce0e-447a-b0ce-e5a17eb4a37d,57,161.6109534436806,88,2024-08-25,0,1.815853409479557
628450d6-0537-4ee3-b90e-b6e6f12decf4,42,140.79572748526226,2,2024-05-28,0,46.931909161754085
dcab5d89-0f86-4efa-a91e-bf52e5c95f60,33,71.06101910334948,42,2024-02-18,0,1.6525818396127787
e4c5da00-2f1b-4756-b5a5-d67ff74ea4ea,28,123.24642238278125,63,2024-08-18,1,1.925725349730957
04bdab02-66f6-4394-b03c-068ab0d2e670,59,195.81632579076626,11,2024-01-04,1,16.31802714923052
421cfe7b-f30e-4676-85ed-cdb8c512fd67,16,134.65478889381473,19,2024-02-09,1,6.732739444690736
9de06408-a50f-4244-ba2b-f267d3525e00,43,182.198269925201,94,2024-04-09,0,1.9178765255284316
96fc6df6-2664-461e-a283-c7f4918faff0,52,60.21675911263721,6,2024-05-16,1,8.602394158948174
49148237-c871-4e3a-9516-a8e6ba023240,59,166.74250271640759,46,2024-01-02,1,3.547712823753353
29ca09f4-42dd-4f76-8e2b-7c85a5d08a81,20,159.38192409724127,34,2024-04-14,0,4.553769259921179
763a0e86-e3cc-4718-9987-ebb2ca0b9209,23,94.01603776528837,37,2024-01-11,1,2.474106256981273
1c56da10-eae2-4ea0-bb5d-99cb4ce61cf5,34,117.80518197608392,34,2024-04-11,0,3.365862342173826
9eecc5bd-ba21-48eb-b8a0-2135d51db89c,30,14.151052454038986,40,2024-05-18,1,0.34514762083021916
85a7a9d9-7d8b-4045-8d42-fdcc430e6d4f,52,100.77058274843135,23,2024-06-28,0,4.198774281184639
25f88078-aaab-4e82-ad05-42a444099278,28,189.37920958492487,71,2024-07-12,0,2.6302667997906233
a980db3a-5b50-4a65-bfc4-012dab957751,39,195.02074417097018,95,2024-06-01,0,2.0314660851142725
f9e5f1ad-0462-40f0-8eef-731cd714bedb,16,67.93801666582564,84,2024-07-12,1,0.7992707843038311
686bbc1d-4ae9-45a2-96ea-6151f0c9503c,18,100.28212421702712,6,2024-08-19,0,14.326017745289588
dda94b18-7818-42c8-8a7d-6ef0aa82b956,24,87.96287721195831,99,2024-01-22,1,0.8796287721195831
90b769f7-3da9-4f24-b7f5-de3b4a1d9fc4,21,164.2871770123547,74,2024-07-21,1,2.190495693498063
2083f276-d53f-4924-aebb-230b2844e4ba,24,90.07302639488168,93,2024-02-25,1,0.9582236850519328
beddd435-6f78-4df0-9290-be018b79823c,23,98.79093837658019,12,2024-03-12,1,7.59930295204463
0ce7fadd-63d3-4ea1-a043-bbe5e3888870,40,92.99156958521537,83,2024-03-04,1,1.1070424950620879
d48fbd29-01b1-4f3e-a7ca-60741899a97b,2,29.919120011205102,26,2024-04-11,0,1.1081155559705593
d01e76ec-8899-4aea-84f7-1645411ce025,9,45.332500664086915,84,2024-03-21,1,0.533323537224552
9065fc65-6421-4b4b-8efe-6f28dfbce33c,16,159.347061114159,71,2024-06-17,1,2.213153626585542
4166bbd2-b51c-4c24-9429-3a7ec23015bb,39,44.36939764780988,78,2024-07-27,0,0.5616379449089859
7c106313-a10e-4906-9638-703bff16622f,36,110.01103250730482,83,2024-02-26,1,1.309655148896486
a51cbf8e-a124-4386-b5c3-91ea6427b693,41,36.852363450751454,96,2024-10-01,1,0.37992127268815934
cbd20995-5e9e-4344-a0ef-02fea0256da5,36,79.58488170996,51,2024-06-22,0,1.5304784944223078
09d8e1d1-59aa-48b0-ba07-51fef0d589b3,21,197.5006521329092,88,2024-05-29,1,2.219108450931564
03cfdf09-8bc0-41bf-8a84-e8c696ec3802,30,57.406917961340135,72,2024-02-13,0,0.7863961364567141
85148cbd-fb50-464e-b75e-f0bfc3ba25c2,22,94.69146683208507,29,2024-09-30,0,3.156382227736169
5572cb1b-50d6-48d1-990f-428bd717552f,17,23.756108820330585,56,2024-04-24,0,0.41677383895316816
43d5e388-9965-4e2a-929f-fe630c5b7f3c,46,28.207931403029654,89,2024-03-19,0,0.31342146003366284
f61bd7b4-0787-4e1e-be5d-08d6bf2b1b08,41,131.87637425708482,84,2024-01-11,0,1.5514867559657037
27df503c-7a33-4848-ae2d-4b7c2013a937,37,87.87128643586095,86,2024-09-16,0,1.0100147866190914
1873d8af-e400-43fd-ad06-7262d166d044,40,16.9710220228175,30,2024-04-01,0,0.5474523233166936
e1bc5dc1-bdad-418f-b078-26f8d0d3af4c,57,29.129001116566155,41,2024-10-01,0,0.6935476456325275
0dada653-c635-4a9e-b731-961e18bdba19,21,182.88210449675103,22,2024-06-02,1,7.951395847684827
3d66053c-cf3c-4c01-91cc-0ea0375c46f5,35,90.03486519671053,46,2024-10-04,0,1.9156354297172453
cb9fb65c-bceb-4319-ace4-b3d4f5d8538f,9,165.4683062022784,97,2024-04-17,0,1.6884521041048817
3993e1be-47cb-4e19-a472-30acf939a8fd,53,33.29679891014706,11,2024-08-06,1,2.774733242512255
904ba51d-14e8-4201-b1ac-19795bb347d1,53,43.60487818349368,63,2024-02-12,0,0.6813262216170888
42b35014-05cf-4c1d-b2fb-dde423a85cce,12,161.63041126800857,28,2024-08-19,0,5.573462457517537
04fb450d-ff80-4c98-b02a-10a8d824aa5a,28,33.22960752075654,67,2024-05-19,0,0.48867069883465497
46c31b6a-29b8-44d7-a5ba-ff7c2b5db5c2,12,132.48629156780126,22,2024-08-27,0,5.760273546426141
bb9f3a07-29e2-427c-ba10-2c28d04cbc64,14,136.23942021967622,80,2024-04-24,0,1.6819681508602002
ad886397-6da3-4315-a741-107b4c3a4b22,37,183.6654504668533,93,2024-03-04,1,1.953887770923971
bec5a0b0-9e96-4aaf-88aa-462e5cb73e47,25,76.9218079834426,88,2024-04-24,1,0.8642899773420517
913cb58a-f252-4995-894c-392561587b83,19,164.92507528374057,17,2024-08-14,0,9.162504182430032
13b04169-e1f3-4c7f-b880-05ecef95a306,37,43.10614800314126,86,2024-05-23,1,0.4954729655533478
9913c934-6ac7-4c80-974a-8ae7c10fa3fb,35,182.47797663773954,47,2024-03-08,0,3.8016245132862405
05fa3361-dacf-4d10-8f0d-7ae87309b6c6,49,182.54557691202024,89,2024-06-13,0,2.028284187911336
cf9216a9-7ddd-46f6-b253-124eaa5f45ac,16,108.53145254082538,48,2024-02-11,1,2.2149276028739875
291d0c52-1706-41a4-a07c-255b66959c00,55,23.115069696257123,24,2024-07-05,0,0.9246027878502849
d55048a4-0e37-4ae1-a03b-1cf5e7847b8f,42,150.6733239084522,34,2024-07-24,1,4.304952111670063
99726ee8-039b-4f65-a3d7-5390fb382489,6,184.31745496087072,94,2024-01-01,0,1.9401837364302181
d985a2ea-08ad-4ef0-850b-96e3e9f069f7,50,29.013513825079546,50,2024-04-26,1,0.5688924279427362
6b172613-7155-4922-aa8a-9cfdf68bd2b3,17,116.46602121577305,34,2024-02-14,1,3.3276006061649444
d75b8a70-6ecd-413c-b7ff-153cd0fb1303,46,117.77015049658525,82,2024-05-21,1,1.4189174758624727
b44eca7a-14c1-434a-aef1-a2cfa6bd3d49,16,13.183083257709857,36,2024-04-07,0,0.35629954750567183
7ee29914-d34a-4209-bafe-f589191bf12c,8,93.04958636388527,96,2024-04-08,0,0.9592740862256213
4206410d-ea5c-4aa1-af94-f73209802327,6,142.9286388377688,78,2024-02-22,1,1.8092232764274532
35e6eefa-caf4-4bae-92c4-30765eac4e2b,25,99.76854673952997,67,2024-06-21,1,1.4671845108754407
2388365b-78ee-4023-91c0-6733f634c06e,36,157.68635448617803,16,2024-05-15,0,9.275667910951649
78597513-9a12-469c-b296-2f4bbfa5d7fe,36,125.38329076339568,76,2024-07-04,1,1.628354425498645
b2d44552-817f-4205-a4b6-846d6130c7e4,25,11.71755773507038,16,2024-05-25,1,0.6892681020629636
31fd02fd-fe8b-4350-9dcf-52e80b88d46c,54,93.72682382878286,20,2024-01-23,1,4.463182087084898
fcf2bd58-0469-4244-b2aa-79b9a2696b37,36,74.96920325912455,43,2024-08-12,0,1.703845528616467
b66ce975-0e64-48d9-bec3-0ab2f443b0ba,33,138.10931656671065,58,2024-05-25,0,2.3408358740120447
f5f27748-74af-414c-bd59-f80937c1e917,49,66.63350085866514,46,2024-01-18,1,1.4177340608226627
e58d92bd-2a1c-4e8a-a560-f92e0fa3bdae,43,81.95941984584245,92,2024-03-05,0,0.8812840843638973
d4706e84-aeb9-4e5e-a032-fa5e336f3aeb,29,33.57121241967394,62,2024-08-14,0,0.5328763876138721
c2c7a28f-b3d2-46ec-a6c7-879b0ca53b85,49,91.62092540090107,14,2024-02-26,1,6.108061693393405
f09f30d0-ce31-46e4-89ac-433d3180c44c,2,81.2874212292895,88,2024-07-02,0,0.9133418115650507
39445952-8a87-444b-b28f-a70c55382660,15,73.23783128360867,20,2024-06-06,0,3.487515775409937
e11453d5-9798-4883-9ff5-be68399991fb,36,195.78505983099197,38,2024-02-08,0,5.0201297392562045
e1d76ce2-d264-4a61-be4a-dcbf300190a2,49,186.14785257239285,36,2024-03-10,0,5.031023042497104
e6997a5f-32fb-42db-9439-09aa77502ef7,29,116.23365856991474,26,2024-04-14,1,4.304950317404249
a1653ae1-6e27-4ad8-8007-711182069176,46,112.68199479519757,82,2024-07-27,0,1.3576143951228623
1d809708-48a7-44dc-88b5-9036c324d093,45,67.13963002889079,93,2024-09-04,0,0.7142513832860723
83857a63-4dc3-491f-9e16-02ee987c3bbc,33,80.95033220836093,95,2024-04-12,0,0.8432326271704264
f3b01a22-17c1-4217-86ea-9a013787a499,45,91.9164981322406,54,2024-10-07,1,1.6712090569498292
14f2a734-d838-4ad0-94c7-916eb63da8bb,45,100.14202621212111,15,2024-07-13,0,6.258876638257569
068f5406-1b42-40ed-bf5d-6ceb4d1130a3,39,184.21847091253053,48,2024-05-23,1,3.75956063086797
613e682e-6d37-4f08-ba3b-023929357481,22,163.32429945506343,76,2024-07-12,1,2.121094798117707
69a18c6d-2a61-4505-affe-02b244dc3903,35,73.25854908066015,87,2024-03-20,1,0.8324835122802289
2eb3eee9-6aaa-4183-aa28-e7cfc63f433b,8,28.099463693420752,75,2024-09-19,0,0.3697297854397467
87fb24cc-7864-425b-8c54-74574110d7a6,46,146.15254211670626,17,2024-05-27,0,8.119585673150347
1e475445-6197-4f4a-986d-ef3ed8434861,47,146.46681863606227,28,2024-04-21,1,5.050579952967665
4a26b3c4-8594-49c4-a366-579cf7813833,9,154.31451812929134,43,2024-04-02,0,3.507148139302076
c8dccddf-10a5-4bd0-afa9-52289db2de3f,56,58.04082963889912,99,2024-01-21,1,0.5804082963889912
54868659-4b5d-400f-8ee6-d011451f060c,53,190.89899774689334,94,2024-02-17,1,2.0094631341778246
e8083bc8-f28f-4ec6-8820-f5c29022742a,28,180.35992529325807,74,2024-05-16,1,2.4047990039101075
ea330bb5-28b3-4827-b19c-a15341c57011,6,54.70273528878808,25,2024-07-16,0,2.1039513572610797
fb57828c-d2c1-4815-9bac-ccdf9353ce61,42,117.76948775898009,93,2024-04-27,1,1.2528668910529797
9819c3fd-ff2b-4876-94f9-5c07d80f9ab9,35,10.192228509700845,69,2024-09-20,0,0.1456032644242978
386442f2-66a7-4c32-a883-b84fe343d6d1,24,21.11249203383987,27,2024-02-06,0,0.7540175726371382
5a9b5aa6-2b12-45cb-9e33-50eaf8e14e2f,55,83.0471573592711,6,2024-09-26,1,11.863879622753014
994bf7f4-0e6a-41a6-91d8-8cb03fc7481c,48,11.39477110494579,53,2024-08-12,0,0.21101427972121833
785ddf84-baeb-4663-a0b6-569bc3eb6d4b,27,43.20603924410387,98,2024-05-13,1,0.436424638829332
d418fc5a-0ecb-4908-a011-0965497e92ec,50,132.54803224724589,18,2024-03-14,0,6.976212223539257
535d45a8-34ef-4710-9da6-60538371334b,30,166.3712592222035,75,2024-05-06,1,2.189095516081625
976e81b3-8594-40d4-a942-86bc1c95ccc8,21,114.11727659491163,15,2024-08-26,0,7.132329787181977
9ccac571-38f1-4b7a-bc2c-87d1d49acecb,26,54.51162838395122,37,2024-08-07,0,1.434516536419769
0debb55e-b448-4d79-86aa-833c4e0aa628,59,47.21885181597687,53,2024-04-17,0,0.8744231817773495
7b740df9-c9f5-453b-bd2f-3776610cfd7f,24,91.7800362862823,47,2024-01-29,1,1.912084089297548
7a262790-31bc-4478-8648-c13b983d3dce,5,44.880549697993956,84,2024-02-03,0,0.528006467035223
a0236bea-1a43-4d48-846b-996fffa89b03,53,51.04144576049898,45,2024-08-10,1,1.109596646967369
111b4bd1-3287-42f6-9d4c-56be24f41cca,26,76.5465756081194,19,2024-07-17,0,3.8273287804059697
1a9281c0-addd-42b0-a47b-eccd84c1488c,50,92.54915551501095,94,2024-04-02,1,0.9742016370001153
94e37e00-a4f7-4e34-9d15-1787afaad281,50,183.38613960831225,47,2024-05-26,1,3.8205445751731717
948a0d16-7392-4ca3-80ed-122d450b3d3e,17,38.918828748246014,9,2024-03-27,1,3.8918828748246015
cee9a245-4122-4dfe-88f5-83a1c2a9e5d8,45,108.61829843689362,3,2024-07-13,1,27.154574609223406
24141eab-e7b1-4d00-815a-e2432b2d459a,28,15.235441435197824,23,2024-04-13,1,0.6348100597999093
4d5c6fcf-a8cc-48b9-8cd0-f5fc4ef861e8,18,197.94928799998922,96,2024-10-06,0,2.0407143092782394
abe14738-0fad-47a9-8a96-c8cd789e728a,58,104.64117164915434,95,2024-08-18,1,1.090012204678691
92ebd488-1737-4c1a-8e91-04048c55719e,14,110.16384154674714,58,2024-02-18,1,1.8671837550296124
31d3e6fc-61e9-4fa2-a995-4ecef28b9acc,13,45.54968503756292,27,2024-07-02,0,1.626774465627247
a36b7aba-7cbf-4608-a38b-aa1188e67c1b,18,78.86395173902841,86,2024-02-28,1,0.9064822038968783
345420e2-b522-4957-b0c1-9d747fb25f2e,19,97.27813969065852,61,2024-10-01,1,1.5690022530751375
0b3f0add-6b7f-4929-bc37-5d5f79a342b3,8,101.37098469364444,91,2024-05-26,0,1.101858529278744
ed676645-e276-4a4c-a07f-7768587d3980,16,174.05307926871217,74,2024-09-28,1,2.320707723582829
f3f0c6c7-c5bd-4576-95b5-01a2efb2d64e,25,187.66474840989244,44,2024-01-20,0,4.170327742442054
095852e9-a39c-4eb5-b08a-bf31bdea28f5,48,57.43573398079931,64,2024-08-24,0,0.8836266766276817
e68af293-3fed-4b85-9e63-8180e1816524,32,171.6841280322314,41,2024-04-09,1,4.087717334100748
c99e63eb-3374-4b71-bf4a-e1db486b1bfd,32,73.96170828344708,91,2024-07-05,1,0.8039316117765987
ebd9c2f3-24f4-48bb-8657-e315c4be834c,33,111.13948888980309,24,2024-08-23,0,4.445579555592124
0c4a2478-02da-4f68-ac11-91cbe64b80a0,10,72.71702530387816,35,2024-09-02,0,2.019917369552171
b1ce10f7-ac23-4da7-b520-159c03a1cdac,43,85.16524941823609,60,2024-04-11,1,1.396151629807149
bbda10f1-0be7-47c5-b68d-4b9dcecb1fe7,29,190.28630316317418,88,2024-07-31,0,2.1380483501480243
2420ce55-bf94-479f-9a73-771fecb56ffc,39,171.0781523190342,83,2024-05-20,0,2.0366446704646926
4871878c-e76a-4adb-8b0f-f83bc1c94c1d,30,134.88033150245977,31,2024-07-14,1,4.215010359451868
28dd626c-0605-4c71-9d25-cef96e466a45,50,194.74041705750048,5,2024-03-23,1,32.45673617625008
67efb371-eb0e-443b-9b20-ebb1b642cd0b,17,104.39306677467602,58,2024-08-01,1,1.769374013130102
5ea2ab17-fc0c-4449-bf89-c2bb115acac5,22,78.96114468841586,55,2024-05-12,0,1.410020440864569
abc7dddd-1cd1-42b9-8ac6-802b3f3426e3,4,41.353856264345765,78,2024-09-15,1,0.5234665349917186
b0738974-14cc-4552-81df-89d6e5682f3a,33,112.48894814085925,87,2024-09-18,0,1.2782835016006733
a9ff60b0-1f9b-49c9-b2e5-490035372447,43,107.87167973907339,74,2024-03-27,0,1.438289063187645
5b017055-5a7b-4180-b4e6-a0ea4eb1de6a,29,137.17458284910217,75,2024-02-25,1,1.8049287216987127
5c5af618-10cb-43e8-80e3-c1ccb3fe2f38,9,118.56715002325747,1,2024-08-24,1,59.283575011628734
f83c2f7c-06f5-4bda-938d-d2d43b0f5b83,50,30.021339139439675,71,2024-03-22,0,0.4169630436033288
8db2f43f-c884-47c1-8638-49e4b86a9586,54,18.076984564158813,3,2024-07-29,1,4.519246141039703
cb3051a9-622f-44c6-8d5d-8a18469f3f17,38,51.24836686728564,48,2024-02-25,1,1.0458850381078701
0feb4a1f-64b9-4927-8af1-119173cfccf3,51,69.09232228146413,21,2024-04-19,0,3.1405601037029154
ca964fec-198d-4b40-af4a-54abaefa7904,55,123.04648044102285,63,2024-02-17,0,1.922601256890982
850e5f15-2e4f-4a22-b370-23496a924682,38,69.58696489141182,1,2024-09-15,1,34.79348244570591
900a5500-b963-4751-a2b3-32e5a545c24b,31,11.061516542743385,86,2024-07-13,1,0.12714386830739524
fe14ddc1-e51f-4052-8048-512f8c2dff53,49,181.31375668242072,29,2024-02-20,1,6.043791889414024
a40192cb-2de1-4aad-91c8-3f072ee673d2,7,27.273152620951596,19,2024-07-22,1,1.3636576310475799
8d232112-5850-4292-ba9e-4df96ea0c9c6,46,49.65171867314906,10,2024-05-29,1,4.513792606649915
ad657b9d-f93e-45f2-b5f0-027d5f2b83b4,49,178.93118006382946,15,2024-08-25,1,11.183198753989341
c2920f80-443c-45b5-9d4a-7affbe64f89f,26,119.4492634308997,77,2024-06-21,1,1.531400813216663
6c436db0-d036-43b3-b214-0da5e01a7bb6,15,17.549074802421273,71,2024-07-11,1,0.2437371500336288
d7a52f96-8020-467c-88c0-244453ae554e,12,157.06278993000632,63,2024-06-06,1,2.4541060926563487
c30492b3-8381-4555-b291-3c17a60583e7,37,16.427818876685556,86,2024-03-11,0,0.18882550432971903
83cc1f82-f44e-454e-b12a-e821e94b32cf,31,187.6413748350441,89,2024-08-05,1,2.0849041648338233
bdf05a5a-6565-4012-98d6-04a1e51bad73,17,89.80614794627328,19,2024-05-23,1,4.490307397313664
d6a3521d-cb56-4651-9ac0-56427c2b7329,39,11.806773945551036,8,2024-08-19,1,1.311863771727893
69fe9f43-9830-4b25-b8a9-c41c070cbfb2,26,97.13704025266813,45,2024-07-22,1,2.1116747881014812
94030bce-7567-434f-922b-b06857ee57b6,9,181.65614928912174,77,2024-01-02,0,2.328924990886176
089ce3cd-44b1-4b9e-9495-342059358ce8,53,23.385759863987765,10,2024-01-31,0,2.125978169453433
a3b7f3b1-7708-4acb-8939-cc26dac3c3c5,51,113.70746031285735,79,2024-09-23,0,1.421343253910717
9447e723-109a-43bb-b48e-0df637f9ce9b,4,140.07909032093463,41,2024-04-24,0,3.335216436212729
856d5537-4c32-4a56-acc8-ec853596138b,52,69.9568673975038,69,2024-01-30,1,0.99938381996434
51aba232-feb6-45cb-98f7-6ad0fae1c9ad,13,127.07350491888357,94,2024-01-27,0,1.337615841251406
ad9605bd-4304-45dd-aeed-f6a9a6580bbc,28,159.93801145722762,29,2024-08-15,1,5.3312670485742535
e7869f4c-a00a-4aac-8e2a-ccf5b43c8212,7,166.65599003176052,63,2024-01-25,1,2.603999844246258
086bb35b-06ae-42cb-bbe9-d7a09ba4912c,27,105.50668888092444,23,2024-04-27,1,4.396112036705185
31441af9-711d-4170-a74f-03800ec3295d,13,16.173417782229095,78,2024-04-19,0,0.20472680736998855
dd57ad42-af5d-4605-bf94-904b08bf6c94,39,56.91175508475769,80,2024-05-12,1,0.7026142603056504
7cc7dae0-dc76-4710-9600-7998cd4b9d9d,19,144.1124937970275,21,2024-02-13,0,6.550567899864887
2d9d86f8-a390-46bf-8c0b-0b4decca0206,55,144.81236788092303,99,2024-10-13,1,1.4481236788092304
8329c420-eefc-418f-b1ea-3fdf1a748e4b,3,95.80263619664967,73,2024-07-05,1,1.2946302188736443
39f3d787-b156-4e0a-88aa-b25a442286cb,53,145.7527134464515,5,2024-01-23,0,24.29211890774192
4d0aa591-8efa-44d4-92bc-5d82fff41b0d,20,75.09711121104002,1,2024-09-29,0,37.54855560552001
6eb5f2ef-fad8-44de-bee5-b1406f57007d,4,77.04273624614221,80,2024-08-14,0,0.9511448919276816
55d0eb41-f83b-4342-8a66-20ecb8faee89,39,55.48922355035943,22,2024-08-26,0,2.4125749369721494
2f8b44cc-5c0d-4edd-a066-d58f66aecbf3,2,137.25381058948494,41,2024-05-02,0,3.267947871178213
8f30b0c7-0998-46cf-bc29-a8bd40174587,10,147.91753797520116,45,2024-09-05,0,3.215598651634808
8a308f11-30fd-473a-9552-15e5a4352649,25,172.0595628744772,2,2024-09-27,1,57.35318762482573
33e807cb-8429-44b0-b6c5-d6dba50e8da3,38,95.46959900926774,55,2024-07-02,1,1.7048142680226381
41a6aac3-c5c5-418b-ac74-13c89b42cf52,16,102.92707251346427,22,2024-06-08,1,4.475090109281055
0c1aaffa-4718-4b6e-b00a-2ac0b9eae7f7,20,199.67846230650812,34,2024-04-27,0,5.7050989230430895
b1702e2d-4135-48f1-987b-8529988b7080,21,176.55769267026741,28,2024-07-29,1,6.088196298974738
6df194a4-0a68-48aa-bef1-b38f64dd5987,14,26.044627103983732,64,2024-06-08,1,0.40068657083051895
c8975de6-b378-466e-969a-eb6e0c015f27,36,76.57097257286593,54,2024-06-20,1,1.392199501324835
7f4116bd-0c4e-47e8-8aae-a213ca98422c,29,96.87378921917004,95,2024-07-21,0,1.0091019710330211
893ee8b5-7bed-420c-a3f3-1abde6cb1f1c,46,65.41520068452675,81,2024-08-08,1,0.7977463498113019
5fbc1993-4bbe-4381-8b39-547faccb15a8,37,100.65353970115993,99,2024-06-01,1,1.0065353970115993
b420a483-f6b1-4927-8a96-0023db1b2496,49,78.3916479046401,26,2024-08-14,0,2.9033943668385223
f74ca40e-09fa-44d1-b819-d7d5a1434092,27,11.93711993003558,41,2024-05-24,0,0.28421714119132335
